seed,condition,calibration_error,signed_bias,coverage_50,coverage_90,nll
0,baseline,0.23981979797979797,0.23981979797979797,0.8429854545454546,0.9816254545454545,-2.7825677394866943
0,observation_low,0.18017858585858587,-0.18017858585858587,0.3072072727272727,0.6231818181818182,-0.4138176441192627
0,observation_high,0.2981842424242424,-0.2981842424242424,0.18817454545454543,0.4141854545454546,5.854320526123047
0,policy_low,0.24058787878787877,0.24058787878787877,0.8431363636363638,0.9782272727272726,-2.7570834159851074
0,policy_high,0.24565858585858585,0.24565858585858585,0.8510636363636365,0.9800454545454546,-2.739309549331665
0,dynamics_low,0.23094545454545448,0.23094545454545448,0.8299818181818182,0.9764363636363637,-2.759359121322632
0,dynamics_high,0.20962626262626263,0.20962626262626263,0.8019818181818181,0.9699454545454546,-2.728145122528076
1,baseline,0.2652040404040404,0.2652040404040404,0.8674581818181818,0.9842145454545453,-2.8121280670166016
1,observation_low,0.17750747474747472,-0.17750747474747472,0.31067272727272727,0.6269018181818182,-0.44036921858787537
1,observation_high,0.2972436363636364,-0.2972436363636364,0.1888327272727273,0.4153854545454546,5.835283279418945
1,policy_low,0.26282020202020195,0.26282020202020195,0.8646454545454546,0.9814181818181816,-2.798916816711426
1,policy_high,0.2631585858585858,0.2631585858585858,0.8656454545454544,0.9821454545454545,-2.7725465297698975
1,dynamics_low,0.25807474747474757,0.25807474747474757,0.8559454545454547,0.980109090909091,-2.787446975708008
1,dynamics_high,0.24104848484848487,0.24104848484848487,0.8318909090909091,0.9739454545454546,-2.7584786415100098
2,baseline,0.2396787878787878,0.2396787878787878,0.8387345454545454,0.9828763636363637,-2.798755645751953
2,observation_low,0.18313939393939394,-0.18313939393939394,0.30436727272727276,0.6172836363636364,-0.33706414699554443
2,observation_high,0.2996937373737374,-0.2996937373737374,0.18693090909090906,0.4111745454545454,6.152815341949463
2,policy_low,0.23751515151515154,0.23751515151515154,0.835590909090909,0.9788818181818182,-2.774641275405884
2,policy_high,0.24290909090909096,0.24290909090909096,0.8419272727272726,0.9814545454545454,-2.754727363586426
2,dynamics_low,0.23350505050505044,0.23350505050505044,0.8312181818181817,0.9798363636363636,-2.7872188091278076
2,dynamics_high,0.21043030303030305,0.21043030303030305,0.8022181818181818,0.9715454545454546,-2.751173257827759
3,baseline,0.25454505050505055,0.25454505050505055,0.85696,0.9848145454545455,-2.815474271774292
3,observation_low,0.17976525252525255,-0.17976525252525255,0.30908,0.6194836363636365,-0.31760507822036743
3,observation_high,0.2964266666666666,-0.2964266666666666,0.19111636363636364,0.4150509090909091,6.2961039543151855
3,policy_low,0.25185858585858584,0.25185858585858584,0.8532454545454548,0.9814999999999998,-2.802788019180298
3,policy_high,0.25401818181818175,0.25401818181818175,0.8560727272727273,0.9827363636363635,-2.7813210487365723
3,dynamics_low,0.2475979797979798,0.2475979797979798,0.8474727272727273,0.9814909090909091,-2.8009891510009766
3,dynamics_high,0.22710303030303025,0.22710303030303025,0.8193818181818181,0.9748545454545453,-2.7697696685791016
4,baseline,0.2526060606060606,0.2526060606060606,0.8552400000000001,0.9845236363636364,-2.8262009620666504
4,observation_low,0.18589939393939392,-0.18589939393939392,0.30184363636363637,0.6133672727272728,-0.23518791794776917
4,observation_high,0.30262787878787883,-0.30262787878787883,0.18376727272727275,0.40532727272727276,6.5866475105285645
4,policy_low,0.25174040404040404,0.25174040404040404,0.8516000000000001,0.9810363636363636,-2.8081209659576416
4,policy_high,0.25743535353535346,0.25743535353535346,0.8587,0.9831272727272726,-2.788989543914795
4,dynamics_low,0.24560202020202018,0.24560202020202018,0.847,0.980490909090909,-2.802888870239258
4,dynamics_high,0.22200000000000006,0.22200000000000006,0.8170000000000002,0.9728181818181819,-2.7684855461120605
