env,mechanism,intensity,alpha,n,mean,sd,ci_low,ci_high
hopper,dynamics,high,0.05,10,0.016312929292929292,0.004200006498629978,0.01330842563893843,0.019317432946920156
hopper,dynamics,high,0.1,10,0.012935878787878788,0.004037922672616121,0.010047322918175951,0.015824434657581626
hopper,dynamics,high,0.15,10,0.006070424242424243,0.003885519514263817,0.0032908910245431607,0.008849957460305324
hopper,dynamics,high,0.2,10,-0.0005252121212121211,0.0036487896207780483,-0.0031353989749342745,0.002084974732510032
hopper,dynamics,high,0.25,10,-0.0056930101010101005,0.0034319223831846936,-0.008148059478637233,-0.003237960723382968
hopper,dynamics,high,0.3,10,-0.009799959595959596,0.0032877700507326856,-0.012151888607052859,-0.007448030584866335
hopper,dynamics,high,0.35,10,-0.012878868686868689,0.003276451508063224,-0.015222700900297627,-0.01053503647343975
hopper,dynamics,high,0.4,10,-0.015101575757575758,0.0030657452569741624,-0.017294677799153224,-0.012908473715998292
hopper,dynamics,high,0.45,10,-0.01681507070707071,0.002931735924975009,-0.018912308247535696,-0.014717833166605722
hopper,dynamics,high,0.5,10,-0.01824541414141414,0.003072759814793762,-0.020443534095370308,-0.01604729418745797
hopper,dynamics,high,0.55,10,-0.019062949494949497,0.0031196401915575002,-0.021294605650178943,-0.01683129333972005
hopper,dynamics,high,0.6,10,-0.01973369696969697,0.003096761036470838,-0.021948986363331993,-0.017518407576061948
hopper,dynamics,high,0.65,10,-0.020221535353535353,0.0030890252428360035,-0.022431290893770398,-0.018011779813300308
hopper,dynamics,high,0.7,10,-0.020571070707070704,0.003154654295462983,-0.02282777444333593,-0.01831436697080548
hopper,dynamics,high,0.75,10,-0.020857737373737376,0.0032354688759214513,-0.02317225237823812,-0.018543222369236632
hopper,dynamics,high,0.8,10,-0.02109838383838384,0.0032735127142173638,-0.023440113765339866,-0.018756653911427813
hopper,dynamics,high,0.85,10,-0.02118509090909091,0.0031886386497509225,-0.02346610558789157,-0.01890407623029025
hopper,dynamics,high,0.9,10,-0.021208646464646465,0.0032299392735082623,-0.02351920582987356,-0.01889808709941937
hopper,dynamics,high,0.95,10,-0.02125919191919192,0.0032199932240191786,-0.0235626363092297,-0.018955747529154143
hopper,dynamics,high,1.0,10,-0.021219111111111112,0.0032627071005611233,-0.023553111167714705,-0.01888511105450752
hopper,dynamics,low,0.05,10,0.002099959595959596,0.001344202505380752,0.0011383750506886465,0.0030615441412305457
hopper,dynamics,low,0.1,10,0.001287151515151515,0.001123937025909038,0.0004831354017714889,0.002091167628531541
hopper,dynamics,low,0.15,10,0.0002987070707070707,0.0008443940517347844,-0.0003053360455768829,0.0009027501869910242
hopper,dynamics,low,0.2,10,-0.0005993535353535355,0.0008162994227537555,-0.0011832989647747299,-1.540810593234109e-05
hopper,dynamics,low,0.25,10,-0.0012680808080808082,0.0008672702410356034,-0.0018884885643637994,-0.000647673051797817
hopper,dynamics,low,0.3,10,-0.0017474343434343439,0.0010554196264086148,-0.00250243606190138,-0.0009924326249673074
hopper,dynamics,low,0.35,10,-0.0020346666666666664,0.00110819947534623,-0.0028274248145682473,-0.0012419085187650855
hopper,dynamics,low,0.4,10,-0.002198989898989899,0.0011231327661391413,-0.003002430679589321,-0.0013955491183904774
hopper,dynamics,low,0.45,10,-0.0023751919191919188,0.0012056839647488654,-0.0032376862698144217,-0.0015126975685694156
hopper,dynamics,low,0.5,10,-0.0025410505050505053,0.001230469986220708,-0.0034212757073048662,-0.0016608253027961444
hopper,dynamics,low,0.55,10,-0.002499353535353535,0.0011912090022165077,-0.003351493121564594,-0.0016472139491424764
hopper,dynamics,low,0.6,10,-0.0024407272727272732,0.001256890042250449,-0.0033398522445191084,-0.001541602300935438
hopper,dynamics,low,0.65,10,-0.002438383838383838,0.0011578027798529518,-0.0032666260527241453,-0.0016101416240435313
hopper,dynamics,low,0.7,10,-0.002471757575757576,0.0011833496376797389,-0.003318274911270577,-0.0016252402402445747
hopper,dynamics,low,0.75,10,-0.00249769696969697,0.001168676464784463,-0.0033337177496465748,-0.0016616761897473653
hopper,dynamics,low,0.8,10,-0.0025597575757575755,0.0011845607966537901,-0.0034071413222069137,-0.001712373829308237
hopper,dynamics,low,0.85,10,-0.0025385050505050506,0.0011694570531776002,-0.00337508422975242,-0.001701925871257681
hopper,dynamics,low,0.9,10,-0.0024559595959595957,0.0011664704738811574,-0.003290402305081973,-0.0016215168868372182
hopper,dynamics,low,0.95,10,-0.002514424242424242,0.001166290398314834,-0.0033487381332466502,-0.0016801103516018339
hopper,dynamics,low,1.0,10,-0.0024370101010101003,0.0011620225778078172,-0.0032682709769592953,-0.0016057492250609053
hopper,observation,high,0.05,10,0.24393324444444447,0.010278291436984102,0.23658059768323708,0.25128589120565187
hopper,observation,high,0.1,10,0.2873736,0.006368628524820104,0.28281775760309563,0.2919294423969044
hopper,observation,high,0.15,10,0.2904867636363636,0.002451222779796729,0.2887332644927201,0.29224026278000714
hopper,observation,high,0.2,10,0.2781399191919192,0.0027040296398379068,0.276205572915064,0.28007426546877445
hopper,observation,high,0.25,10,0.26008149494949495,0.004712627950200335,0.2567102839999655,0.2634527058990244
hopper,observation,high,0.3,10,0.24028412929292928,0.006167326370797068,0.2358722897820956,0.24469596880376296
hopper,observation,high,0.35,10,0.22059229898989896,0.007207411892789291,0.21543642711808964,0.22574817086170829
hopper,observation,high,0.4,10,0.20152506666666667,0.007907653780777128,0.19586827192442294,0.2071818614089104
hopper,observation,high,0.45,10,0.1834033616161616,0.008365680624543839,0.17741891420810132,0.1893878090242219
hopper,observation,high,0.5,10,0.1663492202020202,0.008668856213995229,0.16014789404231877,0.17255054636172162
hopper,observation,high,0.55,10,0.1503094868686869,0.00890791871986176,0.14393714569445096,0.15668182804292283
hopper,observation,high,0.6,10,0.13523695353535353,0.009048248560458548,0.12876422644053045,0.1417096806301766
hopper,observation,high,0.65,10,0.1211017131313131,0.00912549523533006,0.11457372709415604,0.12762969916847014
hopper,observation,high,0.7,10,0.10775073131313131,0.009167212317397134,0.1011929026732199,0.11430855995304273
hopper,observation,high,0.75,10,0.09514272323232323,0.009133219257905384,0.0886092117622749,0.10167623470237155
hopper,observation,high,0.8,10,0.0832089696969697,0.009127558497152721,0.07667950769121895,0.08973843170272044
hopper,observation,high,0.85,10,0.07189912727272726,0.009114718312018846,0.0653788505820862,0.07841940396336833
hopper,observation,high,0.9,10,0.061178901010101,0.009051083071685494,0.05470414622809662,0.06765365579210537
hopper,observation,high,0.95,10,0.05098778181818181,0.009014951209943984,0.04453887421300044,0.05743668942336318
hopper,observation,high,1.0,10,0.04128571313131312,0.008958584510026941,0.03487712783418518,0.04769429842844106
hopper,observation,low,0.05,10,0.2124114909090909,0.010317316214735655,0.20503092750361426,0.21979205431456753
hopper,observation,low,0.1,10,0.24346836363636365,0.006295805589765682,0.2389646156289648,0.2479721116437625
hopper,observation,low,0.15,10,0.23750342626262624,0.0021938389443844192,0.23593404842313467,0.23907280410211781
hopper,observation,low,0.2,10,0.2179424484848485,0.0026348033353417624,0.21605762372299067,0.21982727324670634
hopper,observation,low,0.25,10,0.1938479838383838,0.004791593606478555,0.1904202842612998,0.1972756834154678
hopper,observation,low,0.3,10,0.1689228929292929,0.0062994738497683615,0.16441652080676816,0.17342926505181766
hopper,observation,low,0.35,10,0.14478583434343434,0.007437605585473443,0.13946529182384845,0.15010637686302022
hopper,observation,low,0.4,10,0.12189099797979797,0.008178458632614532,0.1160404811166172,0.12774151484297872
hopper,observation,low,0.45,10,0.10040792727272727,0.008605898461323267,0.09425163837618523,0.1065642161692693
hopper,observation,low,0.5,10,0.08036304646464645,0.008954052614688098,0.07395770309014638,0.08676838983914653
hopper,observation,low,0.55,10,0.06172866262626262,0.009196148607431905,0.05515013421144115,0.0683071910410841
hopper,observation,low,0.6,10,0.044397915151515144,0.009359118132963244,0.03770280536113919,0.0510930249418911
hopper,observation,low,0.65,10,0.028274440404040403,0.009418602037697909,0.021536778391617353,0.03501210241646345
hopper,observation,low,0.7,10,0.013135701010101006,0.00946660678695364,0.0063636984687776305,0.019907703551424384
hopper,observation,low,0.75,10,-0.001011854545454548,0.009459002990684591,-0.007778417658605132,0.005754708567696036
hopper,observation,low,0.8,10,-0.014285591919191922,0.009487791639948027,-0.021072749191407183,-0.007498434646976663
hopper,observation,low,0.85,10,-0.026740379797979795,0.009470526033196121,-0.033515185999169,-0.01996557359679059
hopper,observation,low,0.9,10,-0.038435717171717176,0.00938442456449358,-0.04514893009265428,-0.031722504250780076
hopper,observation,low,0.95,10,-0.04943235555555556,0.009348961635422245,-0.056120199825274907,-0.04274451128583621
hopper,observation,low,1.0,10,-0.05979345454545455,0.009267224842982992,-0.06642282783622915,-0.05316408125467996
hopper,policy,high,0.05,10,-0.005550262626262626,0.0021127769407553684,-0.007061652201644897,-0.004038873050880356
hopper,policy,high,0.1,10,-0.0033852929292929297,0.001539989055764676,-0.0044869347354806535,-0.002283651123105206
hopper,policy,high,0.15,10,-0.0006643434343434344,0.00094065711989378,-0.0013372490012265518,8.56213253968305e-06
hopper,policy,high,0.2,10,0.0012917979797979799,0.0006806543882309679,0.0008048871625856882,0.0017787087970102715
hopper,policy,high,0.25,10,0.002695191919191919,0.000871513641539532,0.0020717486170535684,0.00331863522133027
hopper,policy,high,0.3,10,0.0037603030303030305,0.0010451028334251126,0.003012681500944394,0.004507924559661667
hopper,policy,high,0.35,10,0.004408343434343434,0.0012958659797373431,0.003481336756502979,0.005335350112183889
hopper,policy,high,0.4,10,0.00486759595959596,0.0015618815739188367,0.003750293189357182,0.0059848987298347376
hopper,policy,high,0.45,10,0.005201050505050505,0.0015528751369749366,0.004090190551677895,0.006311910458423116
hopper,policy,high,0.5,10,0.005501555555555556,0.0015796707003647213,0.004371527210862215,0.006631583900248898
hopper,policy,high,0.55,10,0.005717676767676768,0.001636777859060637,0.0045467964226289315,0.006888557112724605
hopper,policy,high,0.6,10,0.005924606060606061,0.0017381129943938693,0.004681234926678333,0.007167977194533788
hopper,policy,high,0.65,10,0.0059597171717171715,0.001866184209908349,0.00462472940931284,0.007294704934121503
hopper,policy,high,0.7,10,0.006048585858585859,0.0018665059114487885,0.004713367964762907,0.007383803752408811
hopper,policy,high,0.75,10,0.006168262626262627,0.0018862895706315242,0.004818892355217585,0.007517632897307668
hopper,policy,high,0.8,10,0.006168868686868686,0.0018502619889724163,0.004845270995169546,0.007492466378567826
hopper,policy,high,0.85,10,0.006238585858585858,0.0018547619228677953,0.004911769108098168,0.007565402609073548
hopper,policy,high,0.9,10,0.006278707070707071,0.001999831545695185,0.004848113763680684,0.007709300377733458
hopper,policy,high,0.95,10,0.006215272727272727,0.001978195561229522,0.004800156871151709,0.007630388583393746
hopper,policy,high,1.0,10,0.006233515151515151,0.00193140653510477,0.0048518701483569425,0.00761516015467336
hopper,policy,low,0.05,10,-0.003417535353535353,0.0007369561525327128,-0.003944722026660226,-0.0028903486804104806
hopper,policy,low,0.1,10,-0.002401353535353535,0.0005446677290556621,-0.002790985356802489,-0.002011721713904581
hopper,policy,low,0.15,10,-0.0008660000000000001,0.0005361074170162004,-0.00124950814311411,-0.00048249185688589025
hopper,policy,low,0.2,10,0.0001877575757575758,0.0005355209377641106,-0.00019533102537333272,0.0005708461768884843
hopper,policy,low,0.25,10,0.0010593939393939394,0.00042556575181396306,0.0007549625398817011,0.0013638253389061778
hopper,policy,low,0.3,10,0.0016785252525252526,0.0004354041603705246,0.0013670558795081432,0.001989994625542362
hopper,policy,low,0.35,10,0.0021520404040404045,0.00037406821526049825,0.001884448122943074,0.002419632685137735
hopper,policy,low,0.4,10,0.0025081818181818183,0.00034575934794635365,0.0022608404808183687,0.002755523155545268
hopper,policy,low,0.45,10,0.0027465454545454546,0.00034749063205933857,0.0024979656311355535,0.0029951252779553557
hopper,policy,low,0.5,10,0.0029382828282828286,0.00042503473926627344,0.0026342312922637465,0.0032423343643019106
hopper,policy,low,0.55,10,0.0031341212121212122,0.00044173807620957457,0.0028181208286666894,0.003450121595575735
hopper,policy,low,0.6,10,0.003323757575757576,0.0004909333770717322,0.0029725649940891344,0.0036749501574260173
hopper,policy,low,0.65,10,0.003339979797979798,0.00048307972781068593,0.0029944053785474563,0.0036855542174121397
hopper,policy,low,0.7,10,0.0033264242424242427,0.00046398963773890215,0.002994506050760691,0.0036583424340877945
hopper,policy,low,0.75,10,0.0033829898989898985,0.0004615812800098452,0.003052794542659918,0.003713185255319879
hopper,policy,low,0.8,10,0.0033794141414141415,0.0004847598352364757,0.0030326378455319586,0.0037261904372963245
hopper,policy,low,0.85,10,0.0033868080808080805,0.0004879062394537352,0.0030377809829400504,0.0037358351786761106
hopper,policy,low,0.9,10,0.0034358787878787877,0.0004967237828336425,0.003080543999460089,0.003791213576297486
hopper,policy,low,0.95,10,0.003391414141414142,0.000499602764808472,0.003034019853357533,0.003748808429470751
hopper,policy,low,1.0,10,0.0034056363636363633,0.00045419202071743625,0.003080726964971346,0.0037305457623013805
walker2d,dynamics,high,0.05,10,0.01637764705882348,0.001396185038319481,0.015378876449624044,0.017376417668022916
walker2d,dynamics,high,0.1,10,0.015586248366013028,0.00205189932244569,0.014118408015308708,0.017054088716717347
walker2d,dynamics,high,0.15,10,0.01021566013071892,0.002810793078411883,0.008204939890772754,0.012226380370665086
walker2d,dynamics,high,0.2,10,0.00389445751633983,0.0030981785775873313,0.0016781540748776,0.00611076095780206
walker2d,dynamics,high,0.25,10,-0.0018833725490195498,0.0028010794403084513,-0.003887144070866155,0.00012039897282705532
walker2d,dynamics,high,0.3,10,-0.006598143790849641,0.002424700348944802,-0.008332669930419643,-0.0048636176512796385
walker2d,dynamics,high,0.35,10,-0.010391267973856162,0.0018670518804543952,-0.011726876430377729,-0.009055659517334594
walker2d,dynamics,high,0.4,10,-0.013324705882352881,0.0014924325889265075,-0.014392327841563515,-0.012257083923142247
walker2d,dynamics,high,0.45,10,-0.01571827450980387,0.0013624588562317797,-0.016692918861734247,-0.014743630157873491
walker2d,dynamics,high,0.5,10,-0.01760533333333329,0.0011738963344283004,-0.018445088183080972,-0.016765578483585605
walker2d,dynamics,high,0.55,10,-0.01910509803921564,0.001083531878041535,-0.019880210051031168,-0.01832998602740011
walker2d,dynamics,high,0.6,10,-0.020300705882352887,0.001025108339175949,-0.02103402421216864,-0.019567387552537136
walker2d,dynamics,high,0.65,10,-0.02120491503267969,0.0010064082598275404,-0.02192485613159103,-0.02048497393376835
walker2d,dynamics,high,0.7,10,-0.02196533333333329,0.0010007679088403466,-0.022681239568213742,-0.02124942709845284
walker2d,dynamics,high,0.75,10,-0.022599869281045702,0.0009603108086786262,-0.023286834249929205,-0.0219129043121622
walker2d,dynamics,high,0.8,10,-0.02310951633986921,0.000931698222921537,-0.023776013097933195,-0.022443019581805224
walker2d,dynamics,high,0.85,10,-0.023448862745097998,0.0008971295442728609,-0.02409063056015976,-0.022807094930036236
walker2d,dynamics,high,0.9,10,-0.02373984313725484,0.0009109946835752613,-0.024391529475469065,-0.023088156799040613
walker2d,dynamics,high,0.95,10,-0.02401372549019603,0.0008837029914878242,-0.0246458885279994,-0.02338156245239266
walker2d,dynamics,high,1.0,10,-0.024178117647058774,0.0008826515327908941,-0.024809528516621934,-0.023546706777495614
walker2d,dynamics,low,0.05,10,0.0023070588235293496,0.0005607133567078701,0.0019059486515284711,0.002708168995530228
walker2d,dynamics,low,0.1,10,0.0020713986928104105,0.0005675413422228013,0.0016654040742174379,0.002477393311403383
walker2d,dynamics,low,0.15,10,0.0011589019607842698,0.0005008933184899609,0.0008005844662390591,0.0015172194553294805
walker2d,dynamics,low,0.2,10,0.0002499084967320137,0.0004365564699383734,-6.238518889229285e-05,0.0005622021823563203
walker2d,dynamics,low,0.25,10,-0.0005732287581699007,0.00038371596886250023,-0.0008477226264336971,-0.00029873488990610436
walker2d,dynamics,low,0.3,10,-0.00111137254901956,0.0005181197346061803,-0.0014820130792989371,-0.000740732018740183
walker2d,dynamics,low,0.35,10,-0.0016229019607842498,0.000463415983608474,-0.001954409785003951,-0.0012913941365645487
walker2d,dynamics,low,0.4,10,-0.0019119477124182598,0.0004625807190942934,-0.002242858024399415,-0.0015810374004371047
walker2d,dynamics,low,0.45,10,-0.00213942483660126,0.0004997358559164997,-0.002496914332301122,-0.001781935340901398
walker2d,dynamics,low,0.5,10,-0.0023761307189541997,0.0005121932286222176,-0.002742531682249568,-0.0020097297556588315
walker2d,dynamics,low,0.55,10,-0.00246154248366008,0.000502374545036036,-0.0028209195838443586,-0.0021021653834758015
walker2d,dynamics,low,0.6,10,-0.0026506928104574603,0.0005086249772472272,-0.0030145412004894266,-0.002286844420425494
walker2d,dynamics,low,0.65,10,-0.00278569934640518,0.0005060437168873529,-0.0031477012140125565,-0.0024236974787978038
walker2d,dynamics,low,0.7,10,-0.00281730718954243,0.0005406146249031169,-0.003204039594945171,-0.0024305747841396894
walker2d,dynamics,low,0.75,10,-0.0028792156862744505,0.0005408188574923668,-0.003266094190870339,-0.0024923371816785622
walker2d,dynamics,low,0.8,10,-0.0028891503267973197,0.0005295900360616488,-0.0032679962164366342,-0.002510304437158005
walker2d,dynamics,low,0.85,10,-0.00289247058823523,0.00047968331976407563,-0.0032356153637158745,-0.0025493258127545853
walker2d,dynamics,low,0.9,10,-0.00290616993464047,0.0005080453433163559,-0.0032696036795370424,-0.002542736189743898
walker2d,dynamics,low,0.95,10,-0.00303061437908493,0.00046721600494651537,-0.0033648405748117026,-0.0026963881833581577
walker2d,dynamics,low,1.0,10,-0.0030145620915032196,0.0004584727846862948,-0.003342533764236266,-0.0026865904187701735
walker2d,observation,high,0.05,10,0.18420658823529407,0.008655973662062165,0.1780144776980847,0.19039869877250343
walker2d,observation,high,0.1,10,0.22342052810457513,0.006728067964690389,0.21860755822207495,0.22823349798707532
walker2d,observation,high,0.15,10,0.2294268130718954,0.003246404930416103,0.22710447488528765,0.23174915125850318
walker2d,observation,high,0.2,10,0.21977046274509798,0.0013508200449234159,0.21880414429721454,0.22073678119298143
walker2d,observation,high,0.25,10,0.20295172287581695,0.0027737712626840776,0.2009674864474239,0.20493595930421
walker2d,observation,high,0.3,10,0.18317265359477117,0.004156497697439919,0.18019927426218288,0.18614603292735946
walker2d,observation,high,0.35,10,0.16252676601307187,0.005123314384677011,0.15886176768644375,0.16619176433969998
walker2d,observation,high,0.4,10,0.14216093071895416,0.005731694263851343,0.13806072364429436,0.14626113779361397
walker2d,observation,high,0.45,10,0.1224729986928104,0.006132216898116026,0.11808627498572472,0.1268597223998961
walker2d,observation,high,0.5,10,0.1037675555555555,0.0063846818829838255,0.09920022927802438,0.10833488183308662
walker2d,observation,high,0.55,10,0.0860559372549019,0.006573303897956351,0.08135367891633875,0.09075819559346505
walker2d,observation,high,0.6,10,0.06940485228758163,0.006650828223952727,0.06464713638703488,0.07416256818812837
walker2d,observation,high,0.65,10,0.0537335424836601,0.006653376835543189,0.04897400341621143,0.05849308155110877
walker2d,observation,high,0.7,10,0.03896735686274506,0.006642174532149095,0.03421583144039233,0.043718882285097786
walker2d,observation,high,0.75,10,0.025125134640522812,0.006606544503797256,0.020399097405012133,0.02985117187603349
walker2d,observation,high,0.8,10,0.0120945673202614,0.006537002605389969,0.007418277362031914,0.016770857278490883
walker2d,observation,high,0.85,10,-0.0002181960784313806,0.00651712073622775,-0.0048802634042517164,0.004443871247388955
walker2d,observation,high,0.9,10,-0.01178189281045747,0.006490394918841682,-0.0164248416382425,-0.007138943982672442
walker2d,observation,high,0.95,10,-0.02272342483660126,0.0063936085226369,-0.027297136847455473,-0.018149712825747046
walker2d,observation,high,1.0,10,-0.03307168627450976,0.006310758504191866,-0.037586130952508054,-0.028557241596511462
walker2d,observation,low,0.05,10,0.1477830065359477,0.009065448225374377,0.1412979755420464,0.154268037529849
walker2d,observation,low,0.1,10,0.1740316496732026,0.007275408252712421,0.16882713613574019,0.179236163210665
walker2d,observation,low,0.15,10,0.1714044653594771,0.0038983235437130294,0.16861577269070505,0.17419315802824914
walker2d,observation,low,0.2,10,0.15556370196078426,0.0019125678847499192,0.15419553331625688,0.15693187060531164
walker2d,observation,low,0.25,10,0.13421091764705878,0.002756228934993338,0.13223923024392642,0.13618260505019114
walker2d,observation,low,0.3,10,0.11114007320261435,0.003990483337241376,0.10828545338908734,0.11399469301614136
walker2d,observation,low,0.35,10,0.08815788758169933,0.004941933697466831,0.08462264118227994,0.09169313398111872
walker2d,observation,low,0.4,10,0.06627523660130714,0.005544332706376132,0.06230905991070396,0.07024141329191033
walker2d,observation,low,0.45,10,0.04564987712418297,0.005923166944998284,0.04141269874475659,0.04988705550360935
walker2d,observation,low,0.5,10,0.026520679738562036,0.0061788264751321455,0.022100613548672664,0.030940745928451408
walker2d,observation,low,0.55,10,0.00887723398692807,0.006364366382238014,0.0043244405431540804,0.013430027430702061
walker2d,observation,low,0.6,10,-0.00732066405228754,0.006448048185474966,-0.011933319851912642,-0.0027080082526624383
walker2d,observation,low,0.65,10,-0.022221568627450953,0.006441754123388764,-0.02682972192629597,-0.017613415328605934
walker2d,observation,low,0.7,10,-0.03600268235294114,0.006405175410768302,-0.04058466881710095,-0.03142069588878134
walker2d,observation,low,0.75,10,-0.04861406535947707,0.006406503067441298,-0.053197001572006686,-0.044031129146947456
walker2d,observation,low,0.8,10,-0.06016499346405223,0.006345212522026173,-0.06470408506164735,-0.05562590186645711
walker2d,observation,low,0.85,10,-0.07086497777777775,0.0063279664895834215,-0.07539173230696405,-0.06633822324859145
walker2d,observation,low,0.9,10,-0.08067729150326794,0.006314926525846041,-0.08519471780434086,-0.07615986520219502
walker2d,observation,low,0.95,10,-0.08973722352941173,0.006265170157494273,-0.09421905626876731,-0.08525539079005615
walker2d,observation,low,1.0,10,-0.0981023738562091,0.006163944019424196,-0.10251179377862972,-0.09369295393378847
walker2d,policy,high,0.05,10,-0.01511240522875811,0.003543449857357088,-0.0176472365552419,-0.01257757390227432
walker2d,policy,high,0.1,10,-0.014574339869281,0.0025544678954800342,-0.016401696119438144,-0.012746983619123856
walker2d,policy,high,0.15,10,-0.01062681045751629,0.0019125223135089578,-0.01199494650234172,-0.009258674412690859
walker2d,policy,high,0.2,10,-0.00613768627450976,0.0018001930504045964,-0.007425466805228904,-0.004849905743790617
walker2d,policy,high,0.25,10,-0.0017649411764705599,0.0018582598844942562,-0.003094260217964621,-0.0004356221349764986
walker2d,policy,high,0.3,10,0.00196247058823525,0.0021770575409587357,0.00040509744157642504,0.003519843734894075
walker2d,policy,high,0.35,10,0.005043647058823481,0.002454662048960539,0.0032876876102320707,0.006799606507414891
walker2d,policy,high,0.4,10,0.007493882352941131,0.0025355252879088437,0.005680076827927465,0.009307687877954796
walker2d,policy,high,0.45,10,0.009523960784313671,0.0026572086285185136,0.007623108241251147,0.011424813327376195
walker2d,policy,high,0.5,10,0.011277359477124122,0.0027149988216889492,0.009335166320278726,0.013219552633969518
walker2d,policy,high,0.55,10,0.01276431372549015,0.0027813538261230696,0.01077465305797592,0.01475397439300438
walker2d,policy,high,0.6,10,0.013979633986928062,0.0028263879494434692,0.011957757848291454,0.01600151012556467
walker2d,policy,high,0.65,10,0.014944627450980342,0.0028129360925124,0.01293237419109774,0.016956880710862942
walker2d,policy,high,0.7,10,0.01576864052287577,0.0027451177641854567,0.013804901572514433,0.01773237947323711
walker2d,policy,high,0.75,10,0.0164741307189542,0.0026785814626030103,0.014557988971428786,0.01839027246647961
walker2d,policy,high,0.8,10,0.01703671895424832,0.002702572533205371,0.015103415028685454,0.018970022879811182
walker2d,policy,high,0.85,10,0.017542196078431337,0.0026343635820949367,0.01565768589709554,0.019426706259767133
walker2d,policy,high,0.9,10,0.01794156862745093,0.0026314206816115517,0.01605916367029956,0.0198239735846023
walker2d,policy,high,0.95,10,0.01828947712418295,0.002599238393951604,0.01643009398875963,0.02014886025960627
walker2d,policy,high,1.0,10,0.018643424836601277,0.002617445349148761,0.01677101723004065,0.020515832443161904
walker2d,policy,low,0.05,10,-0.00922252287581694,0.0010919346701599246,-0.010003645883003943,-0.008441399868629938
walker2d,policy,low,0.1,10,-0.008070209150326739,0.0008121484911671556,-0.008651185182171174,-0.0074892331184823035
walker2d,policy,low,0.15,10,-0.00500324183006533,0.0007930112325482707,-0.005570527891795061,-0.004435955768335599
walker2d,policy,low,0.2,10,-0.0020081045751633502,0.0008810451956580444,-0.0026383663403651805,-0.00137784280996152
walker2d,policy,low,0.25,10,0.0006212156862744633,0.0008483295270180701,1.4357300568264828e-05,0.0012280740719806619
walker2d,policy,low,0.3,10,0.0026347581699345903,0.000899402099342038,0.0019913646669098527,0.003278151672959328
walker2d,policy,low,0.35,10,0.00424599999999996,0.0008907787323014015,0.0036087752821406137,0.004883224717859306
walker2d,policy,low,0.4,10,0.00538814379084963,0.0008693262077041532,0.00476626528461181,0.00601002229708745
walker2d,policy,low,0.45,10,0.006281464052287519,0.0008401908464368206,0.005680427727940751,0.006882500376634288
walker2d,policy,low,0.5,10,0.006958196078431329,0.0008181351008051882,0.006372937484038871,0.007543454672823787
walker2d,policy,low,0.55,10,0.00760419607843132,0.000794722599250091,0.007035685778712763,0.008172706378149876
walker2d,policy,low,0.6,10,0.008029751633986889,0.0008120572124461249,0.007448840899005913,0.008610662368967865
walker2d,policy,low,0.65,10,0.008354313725490151,0.0008182195412942314,0.007768994726010711,0.00893963272496959
walker2d,policy,low,0.7,10,0.00858966013071891,0.0007916977428280623,0.008023313682931476,0.009156006578506345
walker2d,policy,low,0.75,10,0.008770300653594722,0.0007693884079681303,0.008219913342567345,0.009320687964622099
walker2d,policy,low,0.8,10,0.008964209150326741,0.0008082909189947708,0.00838599265937617,0.009542425641277313
walker2d,policy,low,0.85,10,0.00915388235294113,0.0007380406120373005,0.008625919904220385,0.009681844801661874
walker2d,policy,low,0.9,10,0.009250444444444401,0.0007609763561343735,0.008706074752789835,0.009794814136098968
walker2d,policy,low,0.95,10,0.009329477124182969,0.0007231308440314267,0.008812180480971911,0.009846773767394026
walker2d,policy,low,1.0,10,0.00936345098039211,0.0007620051625810342,0.008818345324941,0.00990855663584322
