env,seed,mechanism,intensity,alpha,alpha_fit,ate
walker2d,0,observation,low,0.05,0.3714769929647445,0.14851869281045751
walker2d,0,observation,high,0.05,0.3714769929647445,0.1848376993464052
walker2d,0,dynamics,low,0.05,0.3714769929647445,0.0017929411764705876
walker2d,0,dynamics,high,0.05,0.3714769929647445,0.016195032679738562
walker2d,0,policy,low,0.05,0.3714769929647445,-0.00936627450980392
walker2d,0,policy,high,0.05,0.3714769929647445,-0.013357647058823531
walker2d,0,observation,low,0.1,0.3714769929647445,0.17507424836601304
walker2d,0,observation,high,0.1,0.3714769929647445,0.22436726797385623
walker2d,0,dynamics,low,0.1,0.3714769929647445,0.0017309803921568626
walker2d,0,dynamics,high,0.1,0.3714769929647445,0.0158716339869281
walker2d,0,policy,low,0.1,0.3714769929647445,-0.007861307189542484
walker2d,0,policy,high,0.1,0.3714769929647445,-0.012040915032679738
walker2d,0,observation,low,0.15,0.3714769929647445,0.17231937254901958
walker2d,0,observation,high,0.15,0.3714769929647445,0.23029882352941175
walker2d,0,dynamics,low,0.15,0.3714769929647445,0.0009398692810457513
walker2d,0,dynamics,high,0.15,0.3714769929647445,0.010235294117647058
walker2d,0,policy,low,0.15,0.3714769929647445,-0.004525751633986928
walker2d,0,policy,high,0.15,0.3714769929647445,-0.008178169934640522
walker2d,0,observation,low,0.2,0.3714769929647445,0.15624658823529414
walker2d,0,observation,high,0.2,0.3714769929647445,0.2203572810457516
walker2d,0,dynamics,low,0.2,0.3714769929647445,0.00023869281045751657
walker2d,0,dynamics,high,0.2,0.3714769929647445,0.0035239215686274513
walker2d,0,policy,low,0.2,0.3714769929647445,-0.0011520261437908497
walker2d,0,policy,high,0.2,0.3714769929647445,-0.004021437908496732
walker2d,0,observation,low,0.25,0.3714769929647445,0.13455524183006534
walker2d,0,observation,high,0.25,0.3714769929647445,0.20326368627450977
walker2d,0,dynamics,low,0.25,0.3714769929647445,-0.0007505882352941177
walker2d,0,dynamics,high,0.25,0.3714769929647445,-0.00240392156862745
walker2d,0,policy,low,0.25,0.3714769929647445,0.0011247058823529409
walker2d,0,policy,high,0.25,0.3714769929647445,-0.0004590849673202611
walker2d,0,observation,low,0.3,0.3714769929647445,0.11140554248366012
walker2d,0,observation,high,0.3,0.3714769929647445,0.18330128104575164
walker2d,0,dynamics,low,0.3,0.3714769929647445,-0.001089673202614379
walker2d,0,dynamics,high,0.3,0.3714769929647445,-0.006998692810457515
walker2d,0,policy,low,0.3,0.3714769929647445,0.0034016993464052285
walker2d,0,policy,high,0.3,0.3714769929647445,0.0029423529411764706
walker2d,0,observation,low,0.35,0.3714769929647445,0.0881442614379085
walker2d,0,observation,high,0.35,0.3714769929647445,0.16241976470588237
walker2d,0,dynamics,low,0.35,0.3714769929647445,-0.0014426143790849675
walker2d,0,dynamics,high,0.35,0.3714769929647445,-0.01070875816993464
walker2d,0,policy,low,0.35,0.3714769929647445,0.004763790849673202
walker2d,0,policy,high,0.35,0.3714769929647445,0.005673333333333333
walker2d,0,observation,low,0.4,0.3714769929647445,0.06614901960784314
walker2d,0,observation,high,0.4,0.3714769929647445,0.1418956339869281
walker2d,0,dynamics,low,0.4,0.3714769929647445,-0.0017160784313725486
walker2d,0,dynamics,high,0.4,0.3714769929647445,-0.013428496732026144
walker2d,0,policy,low,0.4,0.3714769929647445,0.0060207843137254895
walker2d,0,policy,high,0.4,0.3714769929647445,0.008089281045751635
walker2d,0,observation,low,0.45,0.3714769929647445,0.045524705882352946
walker2d,0,observation,high,0.45,0.3714769929647445,0.12215806535947714
walker2d,0,dynamics,low,0.45,0.3714769929647445,-0.0018627450980392155
walker2d,0,dynamics,high,0.45,0.3714769929647445,-0.015867450980392158
walker2d,0,policy,low,0.45,0.3714769929647445,0.006799084967320262
walker2d,0,policy,high,0.45,0.3714769929647445,0.009920392156862747
walker2d,0,observation,low,0.5,0.3714769929647445,0.02630169934640523
walker2d,0,observation,high,0.5,0.3714769929647445,0.10331696732026142
walker2d,0,dynamics,low,0.5,0.3714769929647445,-0.0020266666666666666
walker2d,0,dynamics,high,0.5,0.3714769929647445,-0.01800313725490196
walker2d,0,policy,low,0.5,0.3714769929647445,0.007327712418300654
walker2d,0,policy,high,0.5,0.3714769929647445,0.011600653594771242
walker2d,0,observation,low,0.55,0.3714769929647445,0.008676235294117648
walker2d,0,observation,high,0.55,0.3714769929647445,0.08552339869281045
walker2d,0,dynamics,low,0.55,0.3714769929647445,-0.0020373856209150334
walker2d,0,dynamics,high,0.55,0.3714769929647445,-0.019414640522875816
walker2d,0,policy,low,0.55,0.3714769929647445,0.007993333333333333
walker2d,0,policy,high,0.55,0.3714769929647445,0.012855163398692812
walker2d,0,observation,low,0.6,0.3714769929647445,-0.007574326797385621
walker2d,0,observation,high,0.6,0.3714769929647445,0.06873134640522875
walker2d,0,dynamics,low,0.6,0.3714769929647445,-0.0022611764705882356
walker2d,0,dynamics,high,0.6,0.3714769929647445,-0.020273202614379086
walker2d,0,policy,low,0.6,0.3714769929647445,0.008485882352941176
walker2d,0,policy,high,0.6,0.3714769929647445,0.014063660130718955
walker2d,0,observation,low,0.65,0.3714769929647445,-0.022525333333333335
walker2d,0,observation,high,0.65,0.3714769929647445,0.053007215686274506
walker2d,0,dynamics,low,0.65,0.3714769929647445,-0.0024180392156862743
walker2d,0,dynamics,high,0.65,0.3714769929647445,-0.02103764705882353
walker2d,0,policy,low,0.65,0.3714769929647445,0.008879869281045751
walker2d,0,policy,high,0.65,0.3714769929647445,0.014939738562091503
walker2d,0,observation,low,0.7,0.3714769929647445,-0.0363116862745098
walker2d,0,observation,high,0.7,0.3714769929647445,0.0382078431372549
walker2d,0,dynamics,low,0.7,0.3714769929647445,-0.002379346405228758
walker2d,0,dynamics,high,0.7,0.3714769929647445,-0.021683921568627453
walker2d,0,policy,low,0.7,0.3714769929647445,0.009009019607843137
walker2d,0,policy,high,0.7,0.3714769929647445,0.015803660130718954
walker2d,0,observation,low,0.75,0.3714769929647445,-0.04884549019607843
walker2d,0,observation,high,0.75,0.3714769929647445,0.024497202614379085
walker2d,0,dynamics,low,0.75,0.3714769929647445,-0.002350065359477124
walker2d,0,dynamics,high,0.75,0.3714769929647445,-0.022240261437908495
walker2d,0,policy,low,0.75,0.3714769929647445,0.009156078431372549
walker2d,0,policy,high,0.75,0.3714769929647445,0.016479607843137255
walker2d,0,observation,low,0.8,0.3714769929647445,-0.06053511111111111
walker2d,0,observation,high,0.8,0.3714769929647445,0.011360104575163397
walker2d,0,dynamics,low,0.8,0.3714769929647445,-0.0024509803921568627
walker2d,0,dynamics,high,0.8,0.3714769929647445,-0.022912156862745097
walker2d,0,policy,low,0.8,0.3714769929647445,0.009317647058823531
walker2d,0,policy,high,0.8,0.3714769929647445,0.016936732026143788
walker2d,0,observation,low,0.85,0.3714769929647445,-0.07126488888888889
walker2d,0,observation,high,0.85,0.3714769929647445,-0.0010467450980392158
walker2d,0,dynamics,low,0.85,0.3714769929647445,-0.002315294117647059
walker2d,0,dynamics,high,0.85,0.3714769929647445,-0.023102483660130717
walker2d,0,policy,low,0.85,0.3714769929647445,0.00954156862745098
walker2d,0,policy,high,0.85,0.3714769929647445,0.017386535947712417
walker2d,0,observation,low,0.9,0.3714769929647445,-0.0810878954248366
walker2d,0,observation,high,0.9,0.3714769929647445,-0.012623895424836601
walker2d,0,dynamics,low,0.9,0.3714769929647445,-0.002157124183006536
walker2d,0,dynamics,high,0.9,0.3714769929647445,-0.023104575163398693
walker2d,0,policy,low,0.9,0.3714769929647445,0.009590849673202614
walker2d,0,policy,high,0.9,0.3714769929647445,0.01780614379084967
walker2d,0,observation,low,0.95,0.3714769929647445,-0.09029777777777777
walker2d,0,observation,high,0.95,0.3714769929647445,-0.02364214379084968
walker2d,0,dynamics,low,0.95,0.3714769929647445,-0.0022240522875816996
walker2d,0,dynamics,high,0.95,0.3714769929647445,-0.023442875816993464
walker2d,0,policy,low,0.95,0.3714769929647445,0.009709411764705883
walker2d,0,policy,high,0.95,0.3714769929647445,0.018053986928104577
walker2d,0,observation,low,1.0,0.3714769929647445,-0.09865856209150327
walker2d,0,observation,high,1.0,0.3714769929647445,-0.03400752941176471
walker2d,0,dynamics,low,1.0,0.3714769929647445,-0.002348235294117647
walker2d,0,dynamics,high,1.0,0.3714769929647445,-0.023752418300653597
walker2d,0,policy,low,1.0,0.3714769929647445,0.00972797385620915
walker2d,0,policy,high,1.0,0.3714769929647445,0.018269542483660133
walker2d,1,observation,low,0.05,0.3868625313043595,0.1294883137254902
walker2d,1,observation,high,0.05,0.3868625313043595,0.16692941176470588
walker2d,1,dynamics,low,0.05,0.3868625313043595,0.0033158169934640524
walker2d,1,dynamics,high,0.05,0.3868625313043595,0.01873254901960784
walker2d,1,policy,low,0.05,0.3868625313043595,-0.007912156862745098
walker2d,1,policy,high,0.05,0.3868625313043595,-0.014599215686274508
walker2d,1,observation,low,0.1,0.3868625313043595,0.15845777777777778
walker2d,1,observation,high,0.1,0.3868625313043595,0.2091099607843137
walker2d,1,dynamics,low,0.1,0.3868625313043595,0.0034345098039215683
walker2d,1,dynamics,high,0.1,0.3868625313043595,0.02017437908496732
walker2d,1,policy,low,0.1,0.3868625313043595,-0.008105620915032679
walker2d,1,policy,high,0.1,0.3868625313043595,-0.01598718954248366
walker2d,1,observation,low,0.15,0.3868625313043595,0.16292967320261437
walker2d,1,observation,high,0.15,0.3868625313043595,0.2222230065359477
walker2d,1,dynamics,low,0.15,0.3868625313043595,0.0023780392156862746
walker2d,1,dynamics,high,0.15,0.3868625313043595,0.016621960784313723
walker2d,1,policy,low,0.15,0.3868625313043595,-0.006271372549019607
walker2d,1,policy,high,0.15,0.3868625313043595,-0.012843529411764707
walker2d,1,observation,low,0.2,0.3868625313043595,0.15341772549019606
walker2d,1,observation,high,0.2,0.3868625313043595,0.21893840522875815
walker2d,1,dynamics,low,0.2,0.3868625313043595,0.0009654901960784315
walker2d,1,dynamics,high,0.2,0.3868625313043595,0.010933333333333331
walker2d,1,policy,low,0.2,0.3868625313043595,-0.003969803921568627
walker2d,1,policy,high,0.2,0.3868625313043595,-0.008263006535947713
walker2d,1,observation,low,0.25,0.3868625313043595,0.13692423529411765
walker2d,1,observation,high,0.25,0.3868625313043595,0.20683984313725487
walker2d,1,dynamics,low,0.25,0.3868625313043595,-1.385620915032656e-05
walker2d,1,dynamics,high,0.25,0.3868625313043595,0.004535163398692811
walker2d,1,policy,low,0.25,0.3868625313043595,-0.0013430065359477125
walker2d,1,policy,high,0.25,0.3868625313043595,-0.00318326797385621
walker2d,1,observation,low,0.3,0.3868625313043595,0.11695309803921568
walker2d,1,observation,high,0.3,0.3868625313043595,0.1901109019607843
walker2d,1,dynamics,low,0.3,0.3868625313043595,-0.001035294117647059
walker2d,1,dynamics,high,0.3,0.3868625313043595,-0.0013913725490196083
walker2d,1,policy,low,0.3,0.3868625313043595,0.0006569934640522874
walker2d,1,policy,high,0.3,0.3868625313043595,0.0012258823529411758
walker2d,1,observation,low,0.35,0.3868625313043595,0.09615670588235295
walker2d,1,observation,high,0.35,0.3868625313043595,0.1715532549019608
walker2d,1,dynamics,low,0.35,0.3868625313043595,-0.0019921568627450977
walker2d,1,dynamics,high,0.35,0.3868625313043595,-0.006766535947712419
walker2d,1,policy,low,0.35,0.3868625313043595,0.0023930718954248364
walker2d,1,policy,high,0.35,0.3868625313043595,0.004652941176470588
walker2d,1,observation,low,0.4,0.3868625313043595,0.07560601307189542
walker2d,1,observation,high,0.4,0.3868625313043595,0.15239539869281046
walker2d,1,dynamics,low,0.4,0.3868625313043595,-0.0024792156862745098
walker2d,1,dynamics,high,0.4,0.3868625313043595,-0.010856209150326796
walker2d,1,policy,low,0.4,0.3868625313043595,0.0036943790849673207
walker2d,1,policy,high,0.4,0.3868625313043595,0.007601699346405227
walker2d,1,observation,low,0.45,0.3868625313043595,0.055877908496732034
walker2d,1,observation,high,0.45,0.3868625313043595,0.13341615686274508
walker2d,1,dynamics,low,0.45,0.3868625313043595,-0.002706666666666667
walker2d,1,dynamics,high,0.45,0.3868625313043595,-0.013944313725490196
walker2d,1,policy,low,0.45,0.3868625313043595,0.004877777777777778
walker2d,1,policy,high,0.45,0.3868625313043595,0.010024967320261438
walker2d,1,observation,low,0.5,0.3868625313043595,0.03734771241830065
walker2d,1,observation,high,0.5,0.3868625313043595,0.11516721568627453
walker2d,1,dynamics,low,0.5,0.3868625313043595,-0.003049934640522876
walker2d,1,dynamics,high,0.5,0.3868625313043595,-0.016559738562091503
walker2d,1,policy,low,0.5,0.3868625313043595,0.005481960784313725
walker2d,1,policy,high,0.5,0.3868625313043595,0.011712156862745099
walker2d,1,observation,low,0.55,0.3868625313043595,0.020126483660130718
walker2d,1,observation,high,0.55,0.3868625313043595,0.09773186928104574
walker2d,1,dynamics,low,0.55,0.3868625313043595,-0.0031832679738562093
walker2d,1,dynamics,high,0.55,0.3868625313043595,-0.018739084967320265
walker2d,1,policy,low,0.55,0.3868625313043595,0.006153464052287582
walker2d,1,policy,high,0.55,0.3868625313043595,0.013236339869281044
walker2d,1,observation,low,0.6,0.3868625313043595,0.0042136470588235286
walker2d,1,observation,high,0.6,0.3868625313043595,0.08122232679738561
walker2d,1,dynamics,low,0.6,0.3868625313043595,-0.0034198692810457516
walker2d,1,dynamics,high,0.6,0.3868625313043595,-0.020373071895424835
walker2d,1,policy,low,0.6,0.3868625313043595,0.0067679738562091505
walker2d,1,policy,high,0.6,0.3868625313043595,0.01449843137254902
walker2d,1,observation,low,0.65,0.3868625313043595,-0.01060705882352941
walker2d,1,observation,high,0.65,0.3868625313043595,0.0654873725490196
walker2d,1,dynamics,low,0.65,0.3868625313043595,-0.0036739869281045756
walker2d,1,dynamics,high,0.65,0.3868625313043595,-0.021638692810457515
walker2d,1,policy,low,0.65,0.3868625313043595,0.007215555555555557
walker2d,1,policy,high,0.65,0.3868625313043595,0.015731633986928104
walker2d,1,observation,low,0.7,0.3868625313043595,-0.024350326797385625
walker2d,1,observation,high,0.7,0.3868625313043595,0.05062839215686274
walker2d,1,dynamics,low,0.7,0.3868625313043595,-0.0037291503267973865
walker2d,1,dynamics,high,0.7,0.3868625313043595,-0.022516601307189542
walker2d,1,policy,low,0.7,0.3868625313043595,0.00743607843137255
walker2d,1,policy,high,0.7,0.3868625313043595,0.016498954248366015
walker2d,1,observation,low,0.75,0.3868625313043595,-0.03687027450980392
walker2d,1,observation,high,0.75,0.3868625313043595,0.03662907189542484
walker2d,1,dynamics,low,0.75,0.3868625313043595,-0.003793986928104575
walker2d,1,dynamics,high,0.75,0.3868625313043595,-0.023430065359477125
walker2d,1,policy,low,0.75,0.3868625313043595,0.0077040522875817
walker2d,1,policy,high,0.75,0.3868625313043595,0.017299869281045748
walker2d,1,observation,low,0.8,0.3868625313043595,-0.048400261437908494
walker2d,1,observation,high,0.8,0.3868625313043595,0.023452758169934636
walker2d,1,dynamics,low,0.8,0.3868625313043595,-0.00392392156862745
walker2d,1,dynamics,high,0.8,0.3868625313043595,-0.024289934640522877
walker2d,1,policy,low,0.8,0.3868625313043595,0.007934379084967321
walker2d,1,policy,high,0.8,0.3868625313043595,0.01776078431372549
walker2d,1,observation,low,0.85,0.3868625313043595,-0.059079477124183
walker2d,1,observation,high,0.85,0.3868625313043595,0.01110860130718954
walker2d,1,dynamics,low,0.85,0.3868625313043595,-0.00382718954248366
walker2d,1,dynamics,high,0.85,0.3868625313043595,-0.02474143790849673
walker2d,1,policy,low,0.85,0.3868625313043595,0.00817424836601307
walker2d,1,policy,high,0.85,0.3868625313043595,0.01829137254901961
walker2d,1,observation,low,0.9,0.3868625313043595,-0.06890023529411765
walker2d,1,observation,high,0.9,0.3868625313043595,-0.0005261699346405237
walker2d,1,dynamics,low,0.9,0.3868625313043595,-0.0037647058823529404
walker2d,1,dynamics,high,0.9,0.3868625313043595,-0.02510614379084967
walker2d,1,policy,low,0.9,0.3868625313043595,0.008258039215686276
walker2d,1,policy,high,0.9,0.3868625313043595,0.018652418300653596
walker2d,1,observation,low,0.95,0.3868625313043595,-0.07793040522875816
walker2d,1,observation,high,0.95,0.3868625313043595,-0.01166096732026144
walker2d,1,dynamics,low,0.95,0.3868625313043595,-0.00377281045751634
walker2d,1,dynamics,high,0.95,0.3868625313043595,-0.02540235294117647
walker2d,1,policy,low,0.95,0.3868625313043595,0.008475294117647058
walker2d,1,policy,high,0.95,0.3868625313043595,0.01899045751633987
walker2d,1,observation,low,1.0,0.3868625313043595,-0.08646572549019607
walker2d,1,observation,high,1.0,0.3868625313043595,-0.02226677124183007
walker2d,1,dynamics,low,1.0,0.3868625313043595,-0.0038575163398692817
walker2d,1,dynamics,high,1.0,0.3868625313043595,-0.025702745098039215
walker2d,1,policy,low,1.0,0.3868625313043595,0.008483790849673203
walker2d,1,policy,high,1.0,0.3868625313043595,0.019429281045751635
walker2d,2,observation,low,0.05,0.37083970010280604,0.14097568627450982
walker2d,2,observation,high,0.05,0.37083970010280604,0.1771597908496732
walker2d,2,dynamics,low,0.05,0.37083970010280604,0.002073725490196078
walker2d,2,dynamics,high,0.05,0.37083970010280604,0.015307712418300654
walker2d,2,policy,low,0.05,0.37083970010280604,-0.009600522875816996
walker2d,2,policy,high,0.05,0.37083970010280604,-0.020073202614379084
walker2d,2,observation,low,0.1,0.37083970010280604,0.16933108496732027
walker2d,2,observation,high,0.1,0.37083970010280604,0.21856773856209155
walker2d,2,dynamics,low,0.1,0.37083970010280604,0.002014640522875817
walker2d,2,dynamics,high,0.1,0.37083970010280604,0.015730980392156865
walker2d,2,policy,low,0.1,0.37083970010280604,-0.008502875816993462
walker2d,2,policy,high,0.1,0.37083970010280604,-0.016218169934640522
walker2d,2,observation,low,0.15,0.37083970010280604,0.16945464052287582
walker2d,2,observation,high,0.15,0.37083970010280604,0.2273277908496732
walker2d,2,dynamics,low,0.15,0.37083970010280604,0.0012541176470588235
walker2d,2,dynamics,high,0.15,0.37083970010280604,0.011646797385620914
walker2d,2,policy,low,0.15,0.37083970010280604,-0.0049264052287581695
walker2d,2,policy,high,0.15,0.37083970010280604,-0.009474248366013072
walker2d,2,observation,low,0.2,0.37083970010280604,0.15558405228758168
walker2d,2,observation,high,0.2,0.37083970010280604,0.2195283137254902
walker2d,2,dynamics,low,0.2,0.37083970010280604,0.0006206535947712418
walker2d,2,dynamics,high,0.2,0.37083970010280604,0.00575921568627451
walker2d,2,policy,low,0.2,0.37083970010280604,-0.001690718954248366
walker2d,2,policy,high,0.2,0.37083970010280604,-0.003638823529411765
walker2d,2,observation,low,0.25,0.37083970010280604,0.13559529411764704
walker2d,2,observation,high,0.25,0.37083970010280604,0.20406724183006536
walker2d,2,dynamics,low,0.25,0.37083970010280604,-0.0003213071895424839
walker2d,2,dynamics,high,0.25,0.37083970010280604,-0.00011320261437908438
walker2d,2,policy,low,0.25,0.37083970010280604,0.0009598692810457515
walker2d,2,policy,high,0.25,0.37083970010280604,0.0014843137254901956
walker2d,2,observation,low,0.3,0.37083970010280604,0.11332575163398693
walker2d,2,observation,high,0.3,0.37083970010280604,0.18495362091503267
walker2d,2,dynamics,low,0.3,0.37083970010280604,-0.0005443137254901963
walker2d,2,dynamics,high,0.3,0.37083970010280604,-0.005108235294117647
walker2d,2,policy,low,0.3,0.37083970010280604,0.003036993464052287
walker2d,2,policy,high,0.3,0.37083970010280604,0.005692549019607843
walker2d,2,observation,low,0.35,0.37083970010280604,0.09082786928104575
walker2d,2,observation,high,0.35,0.37083970010280604,0.16451545098039216
walker2d,2,dynamics,low,0.35,0.37083970010280604,-0.0010588235294117648
walker2d,2,dynamics,high,0.35,0.37083970010280604,-0.009089934640522875
walker2d,2,policy,low,0.35,0.37083970010280604,0.004795816993464052
walker2d,2,policy,high,0.35,0.37083970010280604,0.008939477124183005
walker2d,2,observation,low,0.4,0.37083970010280604,0.06923252287581699
walker2d,2,observation,high,0.4,0.37083970010280604,0.14431545098039217
walker2d,2,dynamics,low,0.4,0.37083970010280604,-0.001412549019607843
walker2d,2,dynamics,high,0.4,0.37083970010280604,-0.012071633986928103
walker2d,2,policy,low,0.4,0.37083970010280604,0.006012679738562091
walker2d,2,policy,high,0.4,0.37083970010280604,0.011493333333333333
walker2d,2,observation,low,0.45,0.37083970010280604,0.04854996078431373
walker2d,2,observation,high,0.45,0.37083970010280604,0.12460402614379083
walker2d,2,dynamics,low,0.45,0.37083970010280604,-0.0016086274509803924
walker2d,2,dynamics,high,0.45,0.37083970010280604,-0.014313202614379085
walker2d,2,policy,low,0.45,0.37083970010280604,0.006973464052287582
walker2d,2,policy,high,0.45,0.37083970010280604,0.013769150326797387
walker2d,2,observation,low,0.5,0.37083970010280604,0.029498091503267973
walker2d,2,observation,high,0.5,0.37083970010280604,0.10578149019607842
walker2d,2,dynamics,low,0.5,0.37083970010280604,-0.0019354248366013074
walker2d,2,dynamics,high,0.5,0.37083970010280604,-0.016318692810457513
walker2d,2,policy,low,0.5,0.37083970010280604,0.007610196078431372
walker2d,2,policy,high,0.5,0.37083970010280604,0.015423006535947713
walker2d,2,observation,low,0.55,0.37083970010280604,0.011873307189542484
walker2d,2,observation,high,0.55,0.37083970010280604,0.08805856209150324
walker2d,2,dynamics,low,0.55,0.37083970010280604,-0.001957385620915033
walker2d,2,dynamics,high,0.55,0.37083970010280604,-0.01776705882352941
walker2d,2,policy,low,0.55,0.37083970010280604,0.008352418300653594
walker2d,2,policy,high,0.55,0.37083970010280604,0.017035947712418304
walker2d,2,observation,low,0.6,0.37083970010280604,-0.004483816993464052
walker2d,2,observation,high,0.6,0.37083970010280604,0.07108904575163398
walker2d,2,dynamics,low,0.6,0.37083970010280604,-0.002244705882352941
walker2d,2,dynamics,high,0.6,0.37083970010280604,-0.018829803921568626
walker2d,2,policy,low,0.6,0.37083970010280604,0.008839477124183006
walker2d,2,policy,high,0.6,0.37083970010280604,0.01835529411764706
walker2d,2,observation,low,0.65,0.37083970010280604,-0.01948637908496732
walker2d,2,observation,high,0.65,0.37083970010280604,0.055287267973856205
walker2d,2,dynamics,low,0.65,0.37083970010280604,-0.002394771241830066
walker2d,2,dynamics,high,0.65,0.37083970010280604,-0.019780130718954247
walker2d,2,policy,low,0.65,0.37083970010280604,0.009272418300653593
walker2d,2,policy,high,0.65,0.37083970010280604,0.019222222222222224
walker2d,2,observation,low,0.7,0.37083970010280604,-0.033351058823529414
walker2d,2,observation,high,0.7,0.37083970010280604,0.040432209150326796
walker2d,2,dynamics,low,0.7,0.37083970010280604,-0.002353202614379085
walker2d,2,dynamics,high,0.7,0.37083970010280604,-0.020461176470588236
walker2d,2,policy,low,0.7,0.37083970010280604,0.00944078431372549
walker2d,2,policy,high,0.7,0.37083970010280604,0.0199397385620915
walker2d,2,observation,low,0.75,0.37083970010280604,-0.046042771241830066
walker2d,2,observation,high,0.75,0.37083970010280604,0.02644172549019608
walker2d,2,dynamics,low,0.75,0.37083970010280604,-0.002385882352941176
walker2d,2,dynamics,high,0.75,0.37083970010280604,-0.02124549019607843
walker2d,2,policy,low,0.75,0.37083970010280604,0.009476601307189544
walker2d,2,policy,high,0.75,0.37083970010280604,0.020478823529411765
walker2d,2,observation,low,0.8,0.37083970010280604,-0.057589176470588234
walker2d,2,observation,high,0.8,0.37083970010280604,0.013358222222222221
walker2d,2,dynamics,low,0.8,0.37083970010280604,-0.0024593464052287575
walker2d,2,dynamics,high,0.8,0.37083970010280604,-0.02176862745098039
walker2d,2,policy,low,0.8,0.37083970010280604,0.00971111111111111
walker2d,2,policy,high,0.8,0.37083970010280604,0.020988496732026143
walker2d,2,observation,low,0.85,0.37083970010280604,-0.0683127320261438
walker2d,2,observation,high,0.85,0.37083970010280604,0.0008960522875816986
walker2d,2,dynamics,low,0.85,0.37083970010280604,-0.0026101960784313725
walker2d,2,dynamics,high,0.85,0.37083970010280604,-0.022231111111111115
walker2d,2,policy,low,0.85,0.37083970010280604,0.00995738562091503
walker2d,2,policy,high,0.85,0.37083970010280604,0.021412549019607843
walker2d,2,observation,low,0.9,0.37083970010280604,-0.07794990849673203
walker2d,2,observation,high,0.9,0.37083970010280604,-0.010660392156862744
walker2d,2,dynamics,low,0.9,0.37083970010280604,-0.0025715032679738564
walker2d,2,dynamics,high,0.9,0.37083970010280604,-0.022556862745098043
walker2d,2,policy,low,0.9,0.37083970010280604,0.010009281045751635
walker2d,2,policy,high,0.9,0.37083970010280604,0.02188875816993464
walker2d,2,observation,low,0.95,0.37083970010280604,-0.08706504575163401
walker2d,2,observation,high,0.95,0.37083970010280604,-0.021683189542483664
walker2d,2,dynamics,low,0.95,0.37083970010280604,-0.002764967320261438
walker2d,2,dynamics,high,0.95,0.37083970010280604,-0.022708496732026146
walker2d,2,policy,low,0.95,0.37083970010280604,0.010073594771241829
walker2d,2,policy,high,0.95,0.37083970010280604,0.022204705882352942
walker2d,2,observation,low,1.0,0.37083970010280604,-0.09545385620915033
walker2d,2,observation,high,1.0,0.37083970010280604,-0.03216324183006535
walker2d,2,dynamics,low,1.0,0.37083970010280604,-0.002636862745098039
walker2d,2,dynamics,high,1.0,0.37083970010280604,-0.02282718954248366
walker2d,2,policy,low,1.0,0.37083970010280604,0.010207058823529411
walker2d,2,policy,high,1.0,0.37083970010280604,0.02262901960784314
walker2d,3,observation,low,0.05,0.3618657141923905,0.1468333071895425
walker2d,3,observation,high,0.05,0.3618657141923905,0.18304465359477123
walker2d,3,dynamics,low,0.05,0.3618657141923905,0.0023534640522875827
walker2d,3,dynamics,high,0.05,0.3618657141923905,0.015149019607843138
walker2d,3,policy,low,0.05,0.3618657141923905,-0.010597254901960782
walker2d,3,policy,high,0.05,0.3618657141923905,-0.015905882352941176
walker2d,3,observation,low,0.1,0.3618657141923905,0.1745448888888889
walker2d,3,observation,high,0.1,0.3618657141923905,0.22357411764705884
walker2d,3,dynamics,low,0.1,0.3618657141923905,0.0019231372549019603
walker2d,3,dynamics,high,0.1,0.3618657141923905,0.014620653594771242
walker2d,3,policy,low,0.1,0.3618657141923905,-0.009039869281045752
walker2d,3,policy,high,0.1,0.3618657141923905,-0.015279607843137253
walker2d,3,observation,low,0.15,0.3618657141923905,0.172808522875817
walker2d,3,observation,high,0.15,0.3618657141923905,0.23026828758169934
walker2d,3,dynamics,low,0.15,0.3618657141923905,0.0007579084967320259
walker2d,3,dynamics,high,0.15,0.3618657141923905,0.00910640522875817
walker2d,3,policy,low,0.15,0.3618657141923905,-0.00565032679738562
walker2d,3,policy,high,0.15,0.3618657141923905,-0.011185751633986928
walker2d,3,observation,low,0.2,0.3618657141923905,0.15710023529411765
walker2d,3,observation,high,0.2,0.3618657141923905,0.22084460130718955
walker2d,3,dynamics,low,0.2,0.3618657141923905,-0.0002177777777777772
walker2d,3,dynamics,high,0.2,0.3618657141923905,0.0028243137254901967
walker2d,3,policy,low,0.2,0.3618657141923905,-0.002075947712418301
walker2d,3,policy,high,0.2,0.3618657141923905,-0.006528235294117647
walker2d,3,observation,low,0.25,0.3618657141923905,0.13587733333333332
walker2d,3,observation,high,0.25,0.3618657141923905,0.20410070588235296
walker2d,3,dynamics,low,0.25,0.3618657141923905,-0.0008616993464052287
walker2d,3,dynamics,high,0.25,0.3618657141923905,-0.002692810457516339
walker2d,3,policy,low,0.25,0.3618657141923905,0.0008096732026143787
walker2d,3,policy,high,0.25,0.3618657141923905,-0.0019113725490196077
walker2d,3,observation,low,0.3,0.3618657141923905,0.11262875816993466
walker2d,3,observation,high,0.3,0.3618657141923905,0.18425730718954245
walker2d,3,dynamics,low,0.3,0.3618657141923905,-0.0015717647058823526
walker2d,3,dynamics,high,0.3,0.3618657141923905,-0.00732627450980392
walker2d,3,policy,low,0.3,0.3618657141923905,0.002963267973856209
walker2d,3,policy,high,0.3,0.3618657141923905,0.00166235294117647
walker2d,3,observation,low,0.35,0.3618657141923905,0.08964695424836602
walker2d,3,observation,high,0.35,0.3618657141923905,0.1635895947712418
walker2d,3,dynamics,low,0.35,0.3618657141923905,-0.0019030065359477127
walker2d,3,dynamics,high,0.35,0.3618657141923905,-0.010597385620915032
walker2d,3,policy,low,0.35,0.3618657141923905,0.004704705882352942
walker2d,3,policy,high,0.35,0.3618657141923905,0.004590718954248366
walker2d,3,observation,low,0.4,0.3618657141923905,0.06751513725490196
walker2d,3,observation,high,0.4,0.3618657141923905,0.14301139869281043
walker2d,3,dynamics,low,0.4,0.3618657141923905,-0.0021210457516339866
walker2d,3,dynamics,high,0.4,0.3618657141923905,-0.013500130718954248
walker2d,3,policy,low,0.4,0.3618657141923905,0.006018954248366013
walker2d,3,policy,high,0.4,0.3618657141923905,0.007109150326797385
walker2d,3,observation,low,0.45,0.3618657141923905,0.04668449673202615
walker2d,3,observation,high,0.45,0.3618657141923905,0.12329866666666665
walker2d,3,dynamics,low,0.45,0.3618657141923905,-0.0024162091503267965
walker2d,3,dynamics,high,0.45,0.3618657141923905,-0.016129150326797383
walker2d,3,policy,low,0.45,0.3618657141923905,0.0068013071895424845
walker2d,3,policy,high,0.45,0.3618657141923905,0.009088366013071893
walker2d,3,observation,low,0.5,0.3618657141923905,0.027374588235294123
walker2d,3,observation,high,0.5,0.3618657141923905,0.10446049673202615
walker2d,3,dynamics,low,0.5,0.3618657141923905,-0.0027160784313725486
walker2d,3,dynamics,high,0.5,0.3618657141923905,-0.01816862745098039
walker2d,3,policy,low,0.5,0.3618657141923905,0.0073247058823529415
walker2d,3,policy,high,0.5,0.3618657141923905,0.010798562091503268
walker2d,3,observation,low,0.55,0.3618657141923905,0.009710117647058824
walker2d,3,observation,high,0.55,0.3618657141923905,0.08674671895424838
walker2d,3,dynamics,low,0.55,0.3618657141923905,-0.0027681045751633986
walker2d,3,dynamics,high,0.55,0.3618657141923905,-0.01958640522875817
walker2d,3,policy,low,0.55,0.3618657141923905,0.007925620915032678
walker2d,3,policy,high,0.55,0.3618657141923905,0.012223921568627451
walker2d,3,observation,low,0.6,0.3618657141923905,-0.006675764705882354
walker2d,3,observation,high,0.6,0.3618657141923905,0.07000967320261438
walker2d,3,dynamics,low,0.6,0.3618657141923905,-0.0030904575163398697
walker2d,3,dynamics,high,0.6,0.3618657141923905,-0.021035294117647062
walker2d,3,policy,low,0.6,0.3618657141923905,0.008347581699346407
walker2d,3,policy,high,0.6,0.3618657141923905,0.013556993464052286
walker2d,3,observation,low,0.65,0.3618657141923905,-0.02172658823529412
walker2d,3,observation,high,0.65,0.3618657141923905,0.054285856209150336
walker2d,3,dynamics,low,0.65,0.3618657141923905,-0.003086797385620915
walker2d,3,dynamics,high,0.65,0.3618657141923905,-0.021747712418300653
walker2d,3,policy,low,0.65,0.3618657141923905,0.00879921568627451
walker2d,3,policy,high,0.65,0.3618657141923905,0.014506797385620914
walker2d,3,observation,low,0.7,0.3618657141923905,-0.03577108496732026
walker2d,3,observation,high,0.7,0.3618657141923905,0.039417830065359476
walker2d,3,dynamics,low,0.7,0.3618657141923905,-0.0032946405228758175
walker2d,3,dynamics,high,0.7,0.3618657141923905,-0.022587712418300654
walker2d,3,policy,low,0.7,0.3618657141923905,0.009069411764705881
walker2d,3,policy,high,0.7,0.3618657141923905,0.015399346405228758
walker2d,3,observation,low,0.75,0.3618657141923905,-0.04839691503267973
walker2d,3,observation,high,0.75,0.3618657141923905,0.025576784313725492
walker2d,3,dynamics,low,0.75,0.3618657141923905,-0.003127058823529412
walker2d,3,dynamics,high,0.75,0.3618657141923905,-0.023012026143790852
walker2d,3,policy,low,0.75,0.3618657141923905,0.009251503267973856
walker2d,3,policy,high,0.75,0.3618657141923905,0.016183921568627448
walker2d,3,observation,low,0.8,0.3618657141923905,-0.060008313725490196
walker2d,3,observation,high,0.8,0.3618657141923905,0.012623424836601305
walker2d,3,dynamics,low,0.8,0.3618657141923905,-0.003066928104575163
walker2d,3,dynamics,high,0.8,0.3618657141923905,-0.023224313725490196
walker2d,3,policy,low,0.8,0.3618657141923905,0.009422091503267973
walker2d,3,policy,high,0.8,0.3618657141923905,0.016926274509803923
walker2d,3,observation,low,0.85,0.3618657141923905,-0.07085636601307191
walker2d,3,observation,high,0.85,0.3618657141923905,0.00022190849673202565
walker2d,3,dynamics,low,0.85,0.3618657141923905,-0.003074509803921568
walker2d,3,dynamics,high,0.85,0.3618657141923905,-0.02336470588235294
walker2d,3,policy,low,0.85,0.3618657141923905,0.009609281045751636
walker2d,3,policy,high,0.85,0.3618657141923905,0.017519477124183006
walker2d,3,observation,low,0.9,0.3618657141923905,-0.08070504575163398
walker2d,3,observation,high,0.9,0.3618657141923905,-0.01137364705882353
walker2d,3,dynamics,low,0.9,0.3618657141923905,-0.0031090196078431376
walker2d,3,dynamics,high,0.9,0.3618657141923905,-0.023780653594771245
walker2d,3,policy,low,0.9,0.3618657141923905,0.009864183006535947
walker2d,3,policy,high,0.9,0.3618657141923905,0.01798705882352941
walker2d,3,observation,low,0.95,0.3618657141923905,-0.0899592679738562
walker2d,3,observation,high,0.95,0.3618657141923905,-0.022380339869281046
walker2d,3,dynamics,low,0.95,0.3618657141923905,-0.0033082352941176474
walker2d,3,dynamics,high,0.95,0.3618657141923905,-0.024055686274509804
walker2d,3,policy,low,0.95,0.3618657141923905,0.009931633986928106
walker2d,3,policy,high,0.95,0.3618657141923905,0.018255947712418303
walker2d,3,observation,low,1.0,0.3618657141923905,-0.09831450980392158
walker2d,3,observation,high,1.0,0.3618657141923905,-0.03268538562091503
walker2d,3,dynamics,low,1.0,0.3618657141923905,-0.0032538562091503267
walker2d,3,dynamics,high,1.0,0.3618657141923905,-0.024200784313725493
walker2d,3,policy,low,1.0,0.3618657141923905,0.00991921568627451
walker2d,3,policy,high,1.0,0.3618657141923905,0.018523790849673205
walker2d,4,observation,low,0.05,0.37155486643314367,0.15814243137254905
walker2d,4,observation,high,0.05,0.37155486643314367,0.1943617777777778
walker2d,4,dynamics,low,0.05,0.37155486643314367,0.0018402614379084965
walker2d,4,dynamics,high,0.05,0.37155486643314367,0.01604078431372549
walker2d,4,policy,low,0.05,0.37155486643314367,-0.00873281045751634
walker2d,4,policy,high,0.05,0.37155486643314367,-0.012936470588235292
walker2d,4,observation,low,0.1,0.37155486643314367,0.1823816470588235
walker2d,4,observation,high,0.1,0.37155486643314367,0.23146107189542484
walker2d,4,dynamics,low,0.1,0.37155486643314367,0.001975686274509804
walker2d,4,dynamics,high,0.1,0.37155486643314367,0.014334379084967321
walker2d,4,policy,low,0.1,0.37155486643314367,-0.006899215686274509
walker2d,4,policy,high,0.1,0.37155486643314367,-0.011766274509803923
walker2d,4,observation,low,0.15,0.37155486643314367,0.17554698039215688
walker2d,4,observation,high,0.15,0.37155486643314367,0.23313396078431373
walker2d,4,dynamics,low,0.15,0.37155486643314367,0.001168627450980392
walker2d,4,dynamics,high,0.15,0.37155486643314367,0.008277385620915033
walker2d,4,policy,low,0.15,0.37155486643314367,-0.003698169934640523
walker2d,4,policy,high,0.15,0.37155486643314367,-0.00784078431372549
walker2d,4,observation,low,0.2,0.37155486643314367,0.15587675816993463
walker2d,4,observation,high,0.2,0.37155486643314367,0.21960167320261437
walker2d,4,dynamics,low,0.2,0.37155486643314367,0.00038117647058823537
walker2d,4,dynamics,high,0.2,0.37155486643314367,0.0020355555555555556
walker2d,4,policy,low,0.2,0.37155486643314367,-0.0010500653594771245
walker2d,4,policy,high,0.2,0.37155486643314367,-0.004075294117647059
walker2d,4,observation,low,0.25,0.37155486643314367,0.13153145098039218
walker2d,4,observation,high,0.25,0.37155486643314367,0.1998654640522876
walker2d,4,dynamics,low,0.25,0.37155486643314367,-0.00021777777777777797
walker2d,4,dynamics,high,0.25,0.37155486643314367,-0.003193202614379084
walker2d,4,policy,low,0.25,0.37155486643314367,0.0014520261437908498
walker2d,4,policy,high,0.25,0.37155486643314367,-0.0005081045751633987
walker2d,4,observation,low,0.3,0.37155486643314367,0.1065270588235294
walker2d,4,observation,high,0.3,0.37155486643314367,0.17806583006535945
walker2d,4,dynamics,low,0.3,0.37155486643314367,-0.0004305882352941179
walker2d,4,dynamics,high,0.3,0.37155486643314367,-0.007343006535947712
walker2d,4,policy,low,0.3,0.37155486643314367,0.0033112418300653593
walker2d,4,policy,high,0.3,0.37155486643314367,0.0027074509803921565
walker2d,4,observation,low,0.35,0.37155486643314367,0.08222018300653594
walker2d,4,observation,high,0.35,0.37155486643314367,0.15604549019607844
walker2d,4,dynamics,low,0.35,0.37155486643314367,-0.0010081045751633984
walker2d,4,dynamics,high,0.35,0.37155486643314367,-0.01064549019607843
walker2d,4,policy,low,0.35,0.37155486643314367,0.004890980392156862
walker2d,4,policy,high,0.35,0.37155486643314367,0.005515555555555555
walker2d,4,observation,low,0.4,0.37155486643314367,0.05966222222222223
walker2d,4,observation,high,0.4,0.37155486643314367,0.13489375163398692
walker2d,4,dynamics,low,0.4,0.37155486643314367,-0.0012768627450980398
walker2d,4,dynamics,high,0.4,0.37155486643314367,-0.01339738562091503
walker2d,4,policy,low,0.4,0.37155486643314367,0.005736862745098039
walker2d,4,policy,high,0.4,0.37155486643314367,0.007497124183006537
walker2d,4,observation,low,0.45,0.37155486643314367,0.03850269281045752
walker2d,4,observation,high,0.45,0.37155486643314367,0.11456878431372548
walker2d,4,dynamics,low,0.45,0.37155486643314367,-0.0014705882352941178
walker2d,4,dynamics,high,0.45,0.37155486643314367,-0.015583006535947715
walker2d,4,policy,low,0.45,0.37155486643314367,0.006500784313725491
walker2d,4,policy,high,0.45,0.37155486643314367,0.009326013071895423
walker2d,4,observation,low,0.5,0.37155486643314367,0.018920104575163396
walker2d,4,observation,high,0.5,0.37155486643314367,0.09541129411764705
walker2d,4,dynamics,low,0.5,0.37155486643314367,-0.0017132026143790852
walker2d,4,dynamics,high,0.5,0.37155486643314367,-0.017238954248366013
walker2d,4,policy,low,0.5,0.37155486643314367,0.007266797385620915
walker2d,4,policy,high,0.5,0.37155486643314367,0.011212418300653596
walker2d,4,observation,low,0.55,0.37155486643314367,0.001094169934640523
walker2d,4,observation,high,0.55,0.37155486643314367,0.07743074509803921
walker2d,4,dynamics,low,0.55,0.37155486643314367,-0.0019809150326797384
walker2d,4,dynamics,high,0.55,0.37155486643314367,-0.01878509803921569
walker2d,4,policy,low,0.55,0.37155486643314367,0.007852287581699346
walker2d,4,policy,high,0.55,0.37155486643314367,0.012653986928104575
walker2d,4,observation,low,0.6,0.37155486643314367,-0.015118797385620917
walker2d,4,observation,high,0.6,0.37155486643314367,0.06072894117647059
walker2d,4,dynamics,low,0.6,0.37155486643314367,-0.0021124183006535954
walker2d,4,dynamics,high,0.6,0.37155486643314367,-0.019940915032679737
walker2d,4,policy,low,0.6,0.37155486643314367,0.008187581699346405
walker2d,4,policy,high,0.6,0.37155486643314367,0.013633464052287582
walker2d,4,observation,low,0.65,0.37155486643314367,-0.030090091503267972
walker2d,4,observation,high,0.65,0.37155486643314367,0.04495011764705882
walker2d,4,dynamics,low,0.65,0.37155486643314367,-0.0025092810457516337
walker2d,4,dynamics,high,0.65,0.37155486643314367,-0.0207118954248366
walker2d,4,policy,low,0.65,0.37155486643314367,0.008348366013071895
walker2d,4,policy,high,0.65,0.37155486643314367,0.014402352941176469
walker2d,4,observation,low,0.7,0.37155486643314367,-0.043766849673202615
walker2d,4,observation,high,0.7,0.37155486643314367,0.030194562091503268
walker2d,4,dynamics,low,0.7,0.37155486643314367,-0.0024269281045751637
walker2d,4,dynamics,high,0.7,0.37155486643314367,-0.02155111111111111
walker2d,4,policy,low,0.7,0.37155486643314367,0.008546928104575163
walker2d,4,policy,high,0.7,0.37155486643314367,0.01514862745098039
walker2d,4,observation,low,0.75,0.37155486643314367,-0.05646164705882354
walker2d,4,observation,high,0.75,0.37155486643314367,0.016265411764705886
walker2d,4,dynamics,low,0.75,0.37155486643314367,-0.0024569934640522877
walker2d,4,dynamics,high,0.75,0.37155486643314367,-0.02219294117647059
walker2d,4,policy,low,0.75,0.37155486643314367,0.008683921568627451
walker2d,4,policy,high,0.75,0.37155486643314367,0.01592875816993464
walker2d,4,observation,low,0.8,0.37155486643314367,-0.0678803137254902
walker2d,4,observation,high,0.8,0.37155486643314367,0.0032890980392156852
walker2d,4,dynamics,low,0.8,0.37155486643314367,-0.0024653594771241833
walker2d,4,dynamics,high,0.8,0.37155486643314367,-0.022665098039215688
walker2d,4,policy,low,0.8,0.37155486643314367,0.009028366013071897
walker2d,4,policy,high,0.8,0.37155486643314367,0.01665607843137255
walker2d,4,observation,low,0.85,0.37155486643314367,-0.07856376470588235
walker2d,4,observation,high,0.85,0.37155486643314367,-0.008995241830065358
walker2d,4,dynamics,low,0.85,0.37155486643314367,-0.0025939869281045753
walker2d,4,dynamics,high,0.85,0.37155486643314367,-0.023039738562091502
walker2d,4,policy,low,0.85,0.37155486643314367,0.0090918954248366
walker2d,4,policy,high,0.85,0.37155486643314367,0.017198692810457515
walker2d,4,observation,low,0.9,0.37155486643314367,-0.08844135947712417
walker2d,4,observation,high,0.9,0.37155486643314367,-0.02055377777777778
walker2d,4,dynamics,low,0.9,0.37155486643314367,-0.0025440522875816987
walker2d,4,dynamics,high,0.9,0.37155486643314367,-0.023340392156862743
walker2d,4,policy,low,0.9,0.37155486643314367,0.00905843137254902
walker2d,4,policy,high,0.9,0.37155486643314367,0.017459346405228757
walker2d,4,observation,low,0.95,0.37155486643314367,-0.0973445751633987
walker2d,4,observation,high,0.95,0.37155486643314367,-0.03137563398692811
walker2d,4,dynamics,low,0.95,0.37155486643314367,-0.0026528104575163393
walker2d,4,dynamics,high,0.95,0.37155486643314367,-0.023685228758169936
walker2d,4,policy,low,0.95,0.37155486643314367,0.009086797385620914
walker2d,4,policy,high,0.95,0.37155486643314367,0.017741699346405227
walker2d,4,observation,low,1.0,0.37155486643314367,-0.10556292810457515
walker2d,4,observation,high,1.0,0.37155486643314367,-0.04166724183006535
walker2d,4,dynamics,low,1.0,0.37155486643314367,-0.0027092810457516343
walker2d,4,dynamics,high,1.0,0.37155486643314367,-0.02386065359477124
walker2d,4,policy,low,1.0,0.37155486643314367,0.009164313725490196
walker2d,4,policy,high,1.0,0.37155486643314367,0.018151372549019607
walker2d,5,observation,low,0.05,0.3600995093584061,0.15914928104575163
walker2d,5,observation,high,0.05,0.3600995093584061,0.19501145098039216
walker2d,5,dynamics,low,0.05,0.3600995093584061,0.0023482352941176475
walker2d,5,dynamics,high,0.05,0.3600995093584061,0.01655137254901961
walker2d,5,policy,low,0.05,0.3600995093584061,-0.009341307189542484
walker2d,5,policy,high,0.05,0.3600995093584061,-0.015141045751633988
walker2d,5,observation,low,0.1,0.3600995093584061,0.1814327843137255
walker2d,5,observation,high,0.1,0.3600995093584061,0.2304851764705882
walker2d,5,dynamics,low,0.1,0.3600995093584061,0.0016920261437908494
walker2d,5,dynamics,high,0.1,0.3600995093584061,0.013466928104575162
walker2d,5,policy,low,0.1,0.3600995093584061,-0.007519084967320262
walker2d,5,policy,high,0.1,0.3600995093584061,-0.013766928104575164
walker2d,5,observation,low,0.15,0.3600995093584061,0.17342813071895427
walker2d,5,observation,high,0.15,0.3600995093584061,0.23123592156862746
walker2d,5,dynamics,low,0.15,0.3600995093584061,0.0005176470588235295
walker2d,5,dynamics,high,0.15,0.3600995093584061,0.006917385620915033
walker2d,5,policy,low,0.15,0.3600995093584061,-0.00440718954248366
walker2d,5,policy,high,0.15,0.3600995093584061,-0.009907189542483659
walker2d,5,observation,low,0.2,0.3600995093584061,0.15329139869281044
walker2d,5,observation,high,0.2,0.3600995093584061,0.21733024836601308
walker2d,5,dynamics,low,0.2,0.3600995093584061,-0.0005354248366013068
walker2d,5,dynamics,high,0.2,0.3600995093584061,-0.00027215686274509733
walker2d,5,policy,low,0.2,0.3600995093584061,-0.0012162091503267974
walker2d,5,policy,high,0.2,0.3600995093584061,-0.005273856209150327
walker2d,5,observation,low,0.25,0.3600995093584061,0.12889824836601307
walker2d,5,observation,high,0.25,0.3600995093584061,0.19758039215686274
walker2d,5,dynamics,low,0.25,0.3600995093584061,-0.0010149019607843136
walker2d,5,dynamics,high,0.25,0.3600995093584061,-0.005694640522875816
walker2d,5,policy,low,0.25,0.3600995093584061,0.0014216993464052287
walker2d,5,policy,high,0.25,0.3600995093584061,-0.0011146405228758174
walker2d,5,observation,low,0.3,0.3600995093584061,0.1039127320261438
walker2d,5,observation,high,0.3,0.3600995093584061,0.17593338562091504
walker2d,5,dynamics,low,0.3,0.3600995093584061,-0.0016867973856209146
walker2d,5,dynamics,high,0.3,0.3600995093584061,-0.010437908496732025
walker2d,5,policy,low,0.3,0.3600995093584061,0.0033454901960784313
walker2d,5,policy,high,0.3,0.3600995093584061,0.002396078431372549
walker2d,5,observation,low,0.35,0.3600995093584061,0.07955644444444444
walker2d,5,observation,high,0.35,0.3600995093584061,0.15402766013071895
walker2d,5,dynamics,low,0.35,0.3600995093584061,-0.0020128104575163398
walker2d,5,dynamics,high,0.35,0.3600995093584061,-0.013593202614379083
walker2d,5,policy,low,0.35,0.3600995093584061,0.004915163398692811
walker2d,5,policy,high,0.35,0.3600995093584061,0.005576993464052288
walker2d,5,observation,low,0.4,0.3600995093584061,0.05669767320261438
walker2d,5,observation,high,0.4,0.3600995093584061,0.13277333333333335
walker2d,5,dynamics,low,0.4,0.3600995093584061,-0.0023840522875816996
walker2d,5,dynamics,high,0.4,0.3600995093584061,-0.016452026143790852
walker2d,5,policy,low,0.4,0.3600995093584061,0.005808235294117647
walker2d,5,policy,high,0.4,0.3600995093584061,0.007755686274509804
walker2d,5,observation,low,0.45,0.3600995093584061,0.03563132026143791
walker2d,5,observation,high,0.45,0.3600995093584061,0.11259707189542484
walker2d,5,dynamics,low,0.45,0.3600995093584061,-0.0026734640522875813
walker2d,5,dynamics,high,0.45,0.3600995093584061,-0.01857411764705882
walker2d,5,policy,low,0.45,0.3600995093584061,0.0065325490196078435
walker2d,5,policy,high,0.45,0.3600995093584061,0.009501437908496732
walker2d,5,observation,low,0.5,0.3600995093584061,0.016270588235294117
walker2d,5,observation,high,0.5,0.3600995093584061,0.09358813071895425
walker2d,5,dynamics,low,0.5,0.3600995093584061,-0.002916862745098039
walker2d,5,dynamics,high,0.5,0.3600995093584061,-0.020042352941176473
walker2d,5,policy,low,0.5,0.3600995093584061,0.0074075816993464045
walker2d,5,policy,high,0.5,0.3600995093584061,0.01142888888888889
walker2d,5,observation,low,0.55,0.3600995093584061,-0.0016435032679738566
walker2d,5,observation,high,0.55,0.3600995093584061,0.07557934640522876
walker2d,5,dynamics,low,0.55,0.3600995093584061,-0.0028993464052287587
walker2d,5,dynamics,high,0.55,0.3600995093584061,-0.021298039215686272
walker2d,5,policy,low,0.55,0.3600995093584061,0.007937647058823528
walker2d,5,policy,high,0.55,0.3600995093584061,0.013002483660130718
walker2d,5,observation,low,0.6,0.3600995093584061,-0.018010039215686276
walker2d,5,observation,high,0.6,0.3600995093584061,0.05884888888888889
walker2d,5,dynamics,low,0.6,0.3600995093584061,-0.003053071895424836
walker2d,5,dynamics,high,0.6,0.3600995093584061,-0.022275032679738564
walker2d,5,policy,low,0.6,0.3600995093584061,0.008322483660130718
walker2d,5,policy,high,0.6,0.3600995093584061,0.014118169934640523
walker2d,5,observation,low,0.65,0.3600995093584061,-0.0327519477124183
walker2d,5,observation,high,0.65,0.3600995093584061,0.043191947712418306
walker2d,5,dynamics,low,0.65,0.3600995093584061,-0.0029576470588235297
walker2d,5,dynamics,high,0.65,0.3600995093584061,-0.023062222222222224
walker2d,5,policy,low,0.65,0.3600995093584061,0.008464444444444445
walker2d,5,policy,high,0.65,0.3600995093584061,0.014941045751633988
walker2d,5,observation,low,0.7,0.3600995093584061,-0.04641694117647059
walker2d,5,observation,high,0.7,0.3600995093584061,0.028447424836601308
walker2d,5,dynamics,low,0.7,0.3600995093584061,-0.0032400000000000007
walker2d,5,dynamics,high,0.7,0.3600995093584061,-0.02379607843137255
walker2d,5,policy,low,0.7,0.3600995093584061,0.008719084967320262
walker2d,5,policy,high,0.7,0.3600995093584061,0.015658039215686276
walker2d,5,observation,low,0.75,0.3600995093584061,-0.058929777777777775
walker2d,5,observation,high,0.75,0.3600995093584061,0.014634875816993465
walker2d,5,dynamics,low,0.75,0.3600995093584061,-0.0032308496732026144
walker2d,5,dynamics,high,0.75,0.3600995093584061,-0.024268496732026145
walker2d,5,policy,low,0.75,0.3600995093584061,0.00915202614379085
walker2d,5,policy,high,0.75,0.3600995093584061,0.01648065359477124
walker2d,5,observation,low,0.8,0.3600995093584061,-0.07034410457516341
walker2d,5,observation,high,0.8,0.3600995093584061,0.0017035816993464057
walker2d,5,dynamics,low,0.8,0.3600995093584061,-0.0031979084967320268
walker2d,5,dynamics,high,0.8,0.3600995093584061,-0.024534117647058828
walker2d,5,policy,low,0.8,0.3600995093584061,0.009185882352941176
walker2d,5,policy,high,0.8,0.3600995093584061,0.016916470588235293
walker2d,5,observation,low,0.85,0.3600995093584061,-0.08095111111111111
walker2d,5,observation,high,0.85,0.3600995093584061,-0.010525542483660132
walker2d,5,dynamics,low,0.85,0.3600995093584061,-0.0032590849673202614
walker2d,5,dynamics,high,0.85,0.3600995093584061,-0.02478248366013072
walker2d,5,policy,low,0.85,0.3600995093584061,0.009259477124183008
walker2d,5,policy,high,0.85,0.3600995093584061,0.01740183006535948
walker2d,5,observation,low,0.9,0.3600995093584061,-0.09066117647058826
walker2d,5,observation,high,0.9,0.3600995093584061,-0.022025359477124185
walker2d,5,dynamics,low,0.9,0.3600995093584061,-0.0033450980392156866
walker2d,5,dynamics,high,0.9,0.3600995093584061,-0.02508052287581699
walker2d,5,policy,low,0.9,0.3600995093584061,0.009431764705882353
walker2d,5,policy,high,0.9,0.3600995093584061,0.017832418300653595
walker2d,5,observation,low,0.95,0.3600995093584061,-0.09955560784313724
walker2d,5,observation,high,0.95,0.3600995093584061,-0.032798640522875816
walker2d,5,dynamics,low,0.95,0.3600995093584061,-0.003423267973856208
walker2d,5,dynamics,high,0.95,0.3600995093584061,-0.025287320261437908
walker2d,5,policy,low,0.95,0.3600995093584061,0.009510718954248367
walker2d,5,policy,high,0.95,0.3600995093584061,0.01832156862745098
walker2d,5,observation,low,1.0,0.3600995093584061,-0.10771932026143792
walker2d,5,observation,high,1.0,0.3600995093584061,-0.04298504575163399
walker2d,5,dynamics,low,1.0,0.3600995093584061,-0.0033296732026143793
walker2d,5,dynamics,high,1.0,0.3600995093584061,-0.025207320261437904
walker2d,5,policy,low,1.0,0.3600995093584061,0.009437777777777778
walker2d,5,policy,high,1.0,0.3600995093584061,0.018514901960784313
walker2d,6,observation,low,0.05,0.37797619402408605,0.15741594771241832
walker2d,6,observation,high,0.05,0.37797619402408605,0.19295926797385618
walker2d,6,dynamics,low,0.05,0.37797619402408605,0.002252287581699346
walker2d,6,dynamics,high,0.05,0.37797619402408605,0.0153281045751634
walker2d,6,policy,low,0.05,0.37797619402408605,-0.008526535947712417
walker2d,6,policy,high,0.05,0.37797619402408605,-0.011589673202614378
walker2d,6,observation,low,0.1,0.37797619402408605,0.1824337254901961
walker2d,6,observation,high,0.1,0.37797619402408605,0.23051796078431372
walker2d,6,dynamics,low,0.1,0.37797619402408605,0.0016750326797385624
walker2d,6,dynamics,high,0.1,0.37797619402408605,0.01304392156862745
walker2d,6,policy,low,0.1,0.37797619402408605,-0.007548104575163399
walker2d,6,policy,high,0.1,0.37797619402408605,-0.013263006535947712
walker2d,6,observation,low,0.15,0.37797619402408605,0.17696794771241828
walker2d,6,observation,high,0.15,0.37797619402408605,0.23359754248366016
walker2d,6,dynamics,low,0.15,0.37797619402408605,0.0008287581699346404
walker2d,6,dynamics,high,0.15,0.37797619402408605,0.007007581699346406
walker2d,6,policy,low,0.15,0.37797619402408605,-0.00441843137254902
walker2d,6,policy,high,0.15,0.37797619402408605,-0.010648888888888888
walker2d,6,observation,low,0.2,0.37797619402408605,0.15914499346405228
walker2d,6,observation,high,0.2,0.37797619402408605,0.22195785620915032
walker2d,6,dynamics,low,0.2,0.37797619402408605,5.281045751633986e-05
walker2d,6,dynamics,high,0.2,0.37797619402408605,0.0009474509803921567
walker2d,6,policy,low,0.2,0.37797619402408605,-0.0016037908496732021
walker2d,6,policy,high,0.2,0.37797619402408605,-0.00703843137254902
walker2d,6,observation,low,0.25,0.37797619402408605,0.1363447320261438
walker2d,6,observation,high,0.25,0.37797619402408605,0.20368836601307186
walker2d,6,dynamics,low,0.25,0.37797619402408605,-0.0007555555555555552
walker2d,6,dynamics,high,0.25,0.37797619402408605,-0.004384575163398692
walker2d,6,policy,low,0.25,0.37797619402408605,0.0009610457516339867
walker2d,6,policy,high,0.25,0.37797619402408605,-0.003289542483660131
walker2d,6,observation,low,0.3,0.37797619402408605,0.11236308496732024
walker2d,6,observation,high,0.3,0.37797619402408605,0.18314227450980392
walker2d,6,dynamics,low,0.3,0.37797619402408605,-0.0012692810457516337
walker2d,6,dynamics,high,0.3,0.37797619402408605,-0.008373594771241829
walker2d,6,policy,low,0.3,0.37797619402408605,0.002690065359477124
walker2d,6,policy,high,0.3,0.37797619402408605,-0.00014013071895424876
walker2d,6,observation,low,0.35,0.37797619402408605,0.088865568627451
walker2d,6,observation,high,0.35,0.37797619402408605,0.1621441045751634
walker2d,6,dynamics,low,0.35,0.37797619402408605,-0.0017082352941176471
walker2d,6,dynamics,high,0.35,0.37797619402408605,-0.011642091503267973
walker2d,6,policy,low,0.35,0.37797619402408605,0.004157777777777777
walker2d,6,policy,high,0.35,0.37797619402408605,0.0026937254901960783
walker2d,6,observation,low,0.4,0.37797619402408605,0.06666739869281046
walker2d,6,observation,high,0.4,0.37797619402408605,0.14159383006535947
walker2d,6,dynamics,low,0.4,0.37797619402408605,-0.0018700653594771242
walker2d,6,dynamics,high,0.4,0.37797619402408605,-0.013696470588235294
walker2d,6,policy,low,0.4,0.37797619402408605,0.005193333333333334
walker2d,6,policy,high,0.4,0.37797619402408605,0.004915686274509804
walker2d,6,observation,low,0.45,0.37797619402408605,0.045804915032679736
walker2d,6,observation,high,0.45,0.37797619402408605,0.12193390849673204
walker2d,6,dynamics,low,0.45,0.37797619402408605,-0.002061437908496732
walker2d,6,dynamics,high,0.45,0.37797619402408605,-0.015804705882352943
walker2d,6,policy,low,0.45,0.37797619402408605,0.006203790849673203
walker2d,6,policy,high,0.45,0.37797619402408605,0.0068481045751633985
walker2d,6,observation,low,0.5,0.37797619402408605,0.026482562091503268
walker2d,6,observation,high,0.5,0.37797619402408605,0.10331194771241829
walker2d,6,dynamics,low,0.5,0.37797619402408605,-0.0022214379084967316
walker2d,6,dynamics,high,0.5,0.37797619402408605,-0.017526797385620914
walker2d,6,policy,low,0.5,0.37797619402408605,0.006809934640522876
walker2d,6,policy,high,0.5,0.37797619402408605,0.008326797385620914
walker2d,6,observation,low,0.55,0.37797619402408605,0.00854807843137255
walker2d,6,observation,high,0.55,0.37797619402408605,0.08558698039215686
walker2d,6,dynamics,low,0.55,0.37797619402408605,-0.002182222222222222
walker2d,6,dynamics,high,0.55,0.37797619402408605,-0.01882326797385621
walker2d,6,policy,low,0.55,0.37797619402408605,0.007401045751633987
walker2d,6,policy,high,0.55,0.37797619402408605,0.009608104575163399
walker2d,6,observation,low,0.6,0.37797619402408605,-0.007777464052287583
walker2d,6,observation,high,0.6,0.37797619402408605,0.06897992156862745
walker2d,6,dynamics,low,0.6,0.37797619402408605,-0.0024609150326797384
walker2d,6,dynamics,high,0.6,0.37797619402408605,-0.020021176470588237
walker2d,6,policy,low,0.6,0.37797619402408605,0.007838431372549021
walker2d,6,policy,high,0.6,0.37797619402408605,0.011043790849673203
walker2d,6,observation,low,0.65,0.37797619402408605,-0.022838535947712423
walker2d,6,observation,high,0.65,0.37797619402408605,0.05342431372549019
walker2d,6,dynamics,low,0.65,0.37797619402408605,-0.0025283660130718958
walker2d,6,dynamics,high,0.65,0.37797619402408605,-0.020858300653594772
walker2d,6,policy,low,0.65,0.37797619402408605,0.008103137254901962
walker2d,6,policy,high,0.65,0.37797619402408605,0.011948366013071894
walker2d,6,observation,low,0.7,0.37797619402408605,-0.03667921568627451
walker2d,6,observation,high,0.7,0.37797619402408605,0.038863529411764706
walker2d,6,dynamics,low,0.7,0.37797619402408605,-0.0024569934640522872
walker2d,6,dynamics,high,0.7,0.37797619402408605,-0.021601568627450978
walker2d,6,policy,low,0.7,0.37797619402408605,0.00825111111111111
walker2d,6,policy,high,0.7,0.37797619402408605,0.012759607843137255
walker2d,6,observation,low,0.75,0.37797619402408605,-0.04944214379084967
walker2d,6,observation,high,0.75,0.37797619402408605,0.025181960784313725
walker2d,6,dynamics,low,0.75,0.37797619402408605,-0.0026180392156862744
walker2d,6,dynamics,high,0.75,0.37797619402408605,-0.022226928104575164
walker2d,6,policy,low,0.75,0.37797619402408605,0.008367450980392158
walker2d,6,policy,high,0.75,0.37797619402408605,0.013442745098039216
walker2d,6,observation,low,0.8,0.37797619402408605,-0.06114562091503268
walker2d,6,observation,high,0.8,0.37797619402408605,0.012269594771241827
walker2d,6,dynamics,low,0.8,0.37797619402408605,-0.0025228758169934633
walker2d,6,dynamics,high,0.8,0.37797619402408605,-0.022642875816993462
walker2d,6,policy,low,0.8,0.37797619402408605,0.008546666666666666
walker2d,6,policy,high,0.8,0.37797619402408605,0.01392901960784314
walker2d,6,observation,low,0.85,0.37797619402408605,-0.07203074509803921
walker2d,6,observation,high,0.85,0.37797619402408605,-7.4248366013064884e-06
walker2d,6,dynamics,low,0.85,0.37797619402408605,-0.002561307189542483
walker2d,6,dynamics,high,0.85,0.37797619402408605,-0.022958431372549017
walker2d,6,policy,low,0.85,0.37797619402408605,0.008744444444444444
walker2d,6,policy,high,0.85,0.37797619402408605,0.014378169934640523
walker2d,6,observation,low,0.9,0.37797619402408605,-0.0820321568627451
walker2d,6,observation,high,0.9,0.37797619402408605,-0.011521777777777778
walker2d,6,dynamics,low,0.9,0.37797619402408605,-0.0027746405228758165
walker2d,6,dynamics,high,0.9,0.37797619402408605,-0.023194509803921567
walker2d,6,policy,low,0.9,0.37797619402408605,0.008955816993464052
walker2d,6,policy,high,0.9,0.37797619402408605,0.014770588235294119
walker2d,6,observation,low,0.95,0.37797619402408605,-0.09125202614379087
walker2d,6,observation,high,0.95,0.37797619402408605,-0.022328679738562094
walker2d,6,dynamics,low,0.95,0.37797619402408605,-0.0028277124183006533
walker2d,6,dynamics,high,0.95,0.37797619402408605,-0.02344235294117647
walker2d,6,policy,low,0.95,0.37797619402408605,0.008991372549019607
walker2d,6,policy,high,0.95,0.37797619402408605,0.015192679738562092
walker2d,6,observation,low,1.0,0.37797619402408605,-0.09973793464052287
walker2d,6,observation,high,1.0,0.37797619402408605,-0.03258044444444445
walker2d,6,dynamics,low,1.0,0.37797619402408605,-0.0027333333333333337
walker2d,6,dynamics,high,1.0,0.37797619402408605,-0.02358954248366013
walker2d,6,policy,low,1.0,0.37797619402408605,0.009105882352941177
walker2d,6,policy,high,1.0,0.37797619402408605,0.015719607843137254
walker2d,7,observation,low,0.05,0.39680166542530065,0.1426565751633987
walker2d,7,observation,high,0.05,0.39680166542530065,0.1791192679738562
walker2d,7,dynamics,low,0.05,0.39680166542530065,0.0016036601307189535
walker2d,7,dynamics,high,0.05,0.39680166542530065,0.01459267973856209
walker2d,7,policy,low,0.05,0.39680166542530065,-0.00920156862745098
walker2d,7,policy,high,0.05,0.39680166542530065,-0.01505738562091503
walker2d,7,observation,low,0.1,0.39680166542530065,0.1703209934640523
walker2d,7,observation,high,0.1,0.39680166542530065,0.2198155816993464
walker2d,7,dynamics,low,0.1,0.39680166542530065,0.0015262745098039217
walker2d,7,dynamics,high,0.1,0.39680166542530065,0.01502954248366013
walker2d,7,policy,low,0.1,0.39680166542530065,-0.008129411764705883
walker2d,7,policy,high,0.1,0.39680166542530065,-0.01465529411764706
walker2d,7,observation,low,0.15,0.39680166542530065,0.16990698039215688
walker2d,7,observation,high,0.15,0.39680166542530065,0.22809526797385624
walker2d,7,dynamics,low,0.15,0.39680166542530065,0.0011730718954248362
walker2d,7,dynamics,high,0.15,0.39680166542530065,0.010659346405228757
walker2d,7,policy,low,0.15,0.39680166542530065,-0.005058692810457515
walker2d,7,policy,high,0.15,0.39680166542530065,-0.01082732026143791
walker2d,7,observation,low,0.2,0.39680166542530065,0.15615775163398693
walker2d,7,observation,high,0.2,0.39680166542530065,0.22056627450980393
walker2d,7,dynamics,low,0.2,0.39680166542530065,0.0006295424836601305
walker2d,7,dynamics,high,0.2,0.39680166542530065,0.005115816993464053
walker2d,7,policy,low,0.2,0.39680166542530065,-0.0023005228758169933
walker2d,7,policy,high,0.2,0.39680166542530065,-0.0065935947712418294
walker2d,7,observation,low,0.25,0.39680166542530065,0.13657783006535948
walker2d,7,observation,high,0.25,0.39680166542530065,0.20556533333333332
walker2d,7,dynamics,low,0.25,0.39680166542530065,-8.156862745098058e-05
walker2d,7,dynamics,high,0.25,0.39680166542530065,-0.0005545098039215681
walker2d,7,policy,low,0.25,0.39680166542530065,0.00012993464052287596
walker2d,7,policy,high,0.25,0.39680166542530065,-0.0025590849673202617
walker2d,7,observation,low,0.3,0.39680166542530065,0.11475649673202613
walker2d,7,observation,high,0.3,0.39680166542530065,0.18715189542483662
walker2d,7,dynamics,low,0.3,0.39680166542530065,-0.000500653594771242
walker2d,7,dynamics,high,0.3,0.39680166542530065,-0.00483581699346405
walker2d,7,policy,low,0.3,0.39680166542530065,0.0020890196078431375
walker2d,7,policy,high,0.3,0.39680166542530065,0.0010572549019607841
walker2d,7,observation,low,0.35,0.39680166542530065,0.09272648366013073
walker2d,7,observation,high,0.35,0.39680166542530065,0.16751827450980392
walker2d,7,dynamics,low,0.35,0.39680166542530065,-0.0010907189542483662
walker2d,7,dynamics,high,0.35,0.39680166542530065,-0.008745098039215684
walker2d,7,policy,low,0.35,0.39680166542530065,0.003723790849673202
walker2d,7,policy,high,0.35,0.39680166542530065,0.0041320261437908495
walker2d,7,observation,low,0.4,0.39680166542530065,0.07136371241830065
walker2d,7,observation,high,0.4,0.39680166542530065,0.14782661437908495
walker2d,7,dynamics,low,0.4,0.39680166542530065,-0.00143843137254902
walker2d,7,dynamics,high,0.4,0.39680166542530065,-0.012075816993464052
walker2d,7,policy,low,0.4,0.39680166542530065,0.004698692810457516
walker2d,7,policy,high,0.4,0.39680166542530065,0.006480261437908497
walker2d,7,observation,low,0.45,0.39680166542530065,0.051226039215686275
walker2d,7,observation,high,0.45,0.39680166542530065,0.12870358169934643
walker2d,7,dynamics,low,0.45,0.39680166542530065,-0.0016274509803921571
walker2d,7,dynamics,high,0.45,0.39680166542530065,-0.014301176470588234
walker2d,7,policy,low,0.45,0.39680166542530065,0.005570980392156862
walker2d,7,policy,high,0.45,0.39680166542530065,0.008440130718954247
walker2d,7,observation,low,0.5,0.39680166542530065,0.03244183006535948
walker2d,7,observation,high,0.5,0.39680166542530065,0.11039027450980392
walker2d,7,dynamics,low,0.5,0.39680166542530065,-0.0018094117647058827
walker2d,7,dynamics,high,0.5,0.39680166542530065,-0.01602457516339869
walker2d,7,policy,low,0.5,0.39680166542530065,0.006499607843137254
walker2d,7,policy,high,0.5,0.39680166542530065,0.010413986928104574
walker2d,7,observation,low,0.55,0.39680166542530065,0.015035346405228758
walker2d,7,observation,high,0.55,0.39680166542530065,0.09297108496732027
walker2d,7,dynamics,low,0.55,0.39680166542530065,-0.001978300653594771
walker2d,7,dynamics,high,0.55,0.39680166542530065,-0.01746954248366013
walker2d,7,policy,low,0.55,0.39680166542530065,0.007230588235294118
walker2d,7,policy,high,0.55,0.39680166542530065,0.011961960784313726
walker2d,7,observation,low,0.6,0.39680166542530065,-0.001074352941176471
walker2d,7,observation,high,0.6,0.39680166542530065,0.07657850980392156
walker2d,7,dynamics,low,0.6,0.39680166542530065,-0.0021239215686274506
walker2d,7,dynamics,high,0.6,0.39680166542530065,-0.018845228758169935
walker2d,7,policy,low,0.6,0.39680166542530065,0.0077364705882352934
walker2d,7,policy,high,0.6,0.39680166542530065,0.013118169934640522
walker2d,7,observation,low,0.65,0.39680166542530065,-0.01594358169934641
walker2d,7,observation,high,0.65,0.39680166542530065,0.060914666666666666
walker2d,7,dynamics,low,0.65,0.39680166542530065,-0.002210457516339869
walker2d,7,dynamics,high,0.65,0.39680166542530065,-0.019802352941176472
walker2d,7,policy,low,0.65,0.39680166542530065,0.007918692810457515
walker2d,7,policy,high,0.65,0.39680166542530065,0.01397450980392157
walker2d,7,observation,low,0.7,0.39680166542530065,-0.02972392156862745
walker2d,7,observation,high,0.7,0.39680166542530065,0.046235869281045755
walker2d,7,dynamics,low,0.7,0.39680166542530065,-0.0022713725490196082
walker2d,7,dynamics,high,0.7,0.39680166542530065,-0.02062954248366013
walker2d,7,policy,low,0.7,0.39680166542530065,0.008227320261437908
walker2d,7,policy,high,0.7,0.39680166542530065,0.014790065359477125
walker2d,7,observation,low,0.75,0.39680166542530065,-0.04239320261437908
walker2d,7,observation,high,0.75,0.39680166542530065,0.03232878431372549
walker2d,7,dynamics,low,0.75,0.39680166542530065,-0.0024329411764705887
walker2d,7,dynamics,high,0.75,0.39680166542530065,-0.0212718954248366
walker2d,7,policy,low,0.75,0.39680166542530065,0.00841673202614379
walker2d,7,policy,high,0.75,0.39680166542530065,0.015624705882352942
walker2d,7,observation,low,0.8,0.39680166542530065,-0.054083712418300664
walker2d,7,observation,high,0.8,0.39680166542530065,0.019151267973856207
walker2d,7,dynamics,low,0.8,0.39680166542530065,-0.0025377777777777786
walker2d,7,dynamics,high,0.8,0.39680166542530065,-0.021890718954248364
walker2d,7,policy,low,0.8,0.39680166542530065,0.008699607843137254
walker2d,7,policy,high,0.8,0.39680166542530065,0.01633816993464052
walker2d,7,observation,low,0.85,0.39680166542530065,-0.06474065359477124
walker2d,7,observation,high,0.85,0.39680166542530065,0.006910797385620914
walker2d,7,dynamics,low,0.85,0.39680166542530065,-0.0025746405228758173
walker2d,7,dynamics,high,0.85,0.39680166542530065,-0.022401307189542485
walker2d,7,policy,low,0.85,0.39680166542530065,0.00886313725490196
walker2d,7,policy,high,0.85,0.39680166542530065,0.016882875816993465
walker2d,7,observation,low,0.9,0.39680166542530065,-0.07462760784313725
walker2d,7,observation,high,0.9,0.39680166542530065,-0.004716130718954249
walker2d,7,dynamics,low,0.9,0.39680166542530065,-0.002482091503267974
walker2d,7,dynamics,high,0.9,0.39680166542530065,-0.022835555555555557
walker2d,7,policy,low,0.9,0.39680166542530065,0.00881346405228758
walker2d,7,policy,high,0.9,0.39680166542530065,0.01734418300653595
walker2d,7,observation,low,0.95,0.39680166542530065,-0.08371288888888888
walker2d,7,observation,high,0.95,0.39680166542530065,-0.015733437908496736
walker2d,7,dynamics,low,0.95,0.39680166542530065,-0.0027592156862745096
walker2d,7,dynamics,high,0.95,0.39680166542530065,-0.023245228758169936
walker2d,7,policy,low,0.95,0.39680166542530065,0.008955686274509805
walker2d,7,policy,high,0.95,0.39680166542530065,0.017724575163398693
walker2d,7,observation,low,1.0,0.39680166542530065,-0.09211048366013072
walker2d,7,observation,high,1.0,0.39680166542530065,-0.026028967320261436
walker2d,7,dynamics,low,1.0,0.39680166542530065,-0.002769673202614379
walker2d,7,dynamics,high,1.0,0.39680166542530065,-0.023374901960784313
walker2d,7,policy,low,1.0,0.39680166542530065,0.008962091503267973
walker2d,7,policy,high,1.0,0.39680166542530065,0.018058692810457518
walker2d,8,observation,low,0.05,0.3755348771810531,0.14656360784313727
walker2d,8,observation,high,0.05,0.3755348771810531,0.1833121045751634
walker2d,8,dynamics,low,0.05,0.3755348771810531,0.0023035294117647064
walker2d,8,dynamics,high,0.05,0.3755348771810531,0.017944575163398695
walker2d,8,policy,low,0.05,0.3755348771810531,-0.011219215686274509
walker2d,8,policy,high,0.05,0.3755348771810531,-0.021922483660130717
walker2d,8,observation,low,0.1,0.3755348771810531,0.1733175947712418
walker2d,8,observation,high,0.1,0.3755348771810531,0.2229680522875817
walker2d,8,dynamics,low,0.1,0.3755348771810531,0.002133071895424837
walker2d,8,dynamics,high,0.1,0.3755348771810531,0.016957124183006538
walker2d,8,policy,low,0.1,0.3755348771810531,-0.00963359477124183
walker2d,8,policy,high,0.1,0.3755348771810531,-0.020275816993464053
walker2d,8,observation,low,0.15,0.3755348771810531,0.17124355555555554
walker2d,8,observation,high,0.15,0.3755348771810531,0.22959414379084966
walker2d,8,dynamics,low,0.15,0.3755348771810531,0.001311633986928105
walker2d,8,dynamics,high,0.15,0.3755348771810531,0.0115040522875817
walker2d,8,policy,low,0.15,0.3755348771810531,-0.005998169934640523
walker2d,8,policy,high,0.15,0.3755348771810531,-0.014024313725490197
walker2d,8,observation,low,0.2,0.3755348771810531,0.15588873202614378
walker2d,8,observation,high,0.2,0.3755348771810531,0.22036481045751632
walker2d,8,dynamics,low,0.2,0.3755348771810531,0.0002836601307189542
walker2d,8,dynamics,high,0.2,0.3755348771810531,0.004762614379084968
walker2d,8,policy,low,0.2,0.3755348771810531,-0.002513333333333333
walker2d,8,policy,high,0.2,0.3755348771810531,-0.007256209150326798
walker2d,8,observation,low,0.25,0.3755348771810531,0.13480151633986925
walker2d,8,observation,high,0.25,0.3755348771810531,0.20382133333333335
walker2d,8,dynamics,low,0.25,0.3755348771810531,-0.0006624836601307186
walker2d,8,dynamics,high,0.25,0.3755348771810531,-0.0014826143790849667
walker2d,8,policy,low,0.25,0.3755348771810531,0.0007828758169934635
walker2d,8,policy,high,0.25,0.3755348771810531,-0.0009928104575163404
walker2d,8,observation,low,0.3,0.3755348771810531,0.11206467973856209
walker2d,8,observation,high,0.3,0.3755348771810531,0.18433939869281044
walker2d,8,dynamics,low,0.3,0.3755348771810531,-0.0010494117647058818
walker2d,8,dynamics,high,0.3,0.3755348771810531,-0.006425882352941175
walker2d,8,policy,low,0.3,0.3755348771810531,0.0031881045751633984
walker2d,8,policy,high,0.3,0.3755348771810531,0.004160261437908496
walker2d,8,observation,low,0.35,0.3755348771810531,0.08913709803921567
walker2d,8,observation,high,0.35,0.3755348771810531,0.16385767320261438
walker2d,8,dynamics,low,0.35,0.3755348771810531,-0.0016507189542483655
walker2d,8,dynamics,high,0.35,0.3755348771810531,-0.010389019607843138
walker2d,8,policy,low,0.35,0.3755348771810531,0.004982614379084967
walker2d,8,policy,high,0.35,0.3755348771810531,0.008230849673202614
walker2d,8,observation,low,0.4,0.3755348771810531,0.0675904836601307
walker2d,8,observation,high,0.4,0.3755348771810531,0.14381045751633983
walker2d,8,dynamics,low,0.4,0.3755348771810531,-0.001862745098039216
walker2d,8,dynamics,high,0.4,0.3755348771810531,-0.013544575163398694
walker2d,8,policy,low,0.4,0.3755348771810531,0.00633111111111111
walker2d,8,policy,high,0.4,0.3755348771810531,0.011067450980392158
walker2d,8,observation,low,0.45,0.3755348771810531,0.047148967320261435
walker2d,8,observation,high,0.45,0.3755348771810531,0.12428622222222223
walker2d,8,dynamics,low,0.45,0.3755348771810531,-0.0021275816993464054
walker2d,8,dynamics,high,0.45,0.3755348771810531,-0.015858823529411762
walker2d,8,policy,low,0.45,0.3755348771810531,0.007448758169934641
walker2d,8,policy,high,0.45,0.3755348771810531,0.013420130718954246
walker2d,8,observation,low,0.5,0.3755348771810531,0.028094169934640527
walker2d,8,observation,high,0.5,0.3755348771810531,0.10575461437908498
walker2d,8,dynamics,low,0.5,0.3755348771810531,-0.002365228758169935
walker2d,8,dynamics,high,0.5,0.3755348771810531,-0.01782143790849673
walker2d,8,policy,low,0.5,0.3755348771810531,0.008070718954248365
walker2d,8,policy,high,0.5,0.3755348771810531,0.015339346405228759
walker2d,8,observation,low,0.55,0.3755348771810531,0.010514352941176471
walker2d,8,observation,high,0.55,0.3755348771810531,0.08819356862745098
walker2d,8,dynamics,low,0.55,0.3755348771810531,-0.002468235294117647
walker2d,8,dynamics,high,0.55,0.3755348771810531,-0.019275555555555556
walker2d,8,policy,low,0.55,0.3755348771810531,0.008695816993464053
walker2d,8,policy,high,0.55,0.3755348771810531,0.01700875816993464
walker2d,8,observation,low,0.6,0.3755348771810531,-0.005506980392156863
walker2d,8,observation,high,0.6,0.3755348771810531,0.07175837908496732
walker2d,8,dynamics,low,0.6,0.3755348771810531,-0.002442875816993464
walker2d,8,dynamics,high,0.6,0.3755348771810531,-0.020394509803921566
walker2d,8,policy,low,0.6,0.3755348771810531,0.009131503267973856
walker2d,8,policy,high,0.6,0.3755348771810531,0.018321699346405228
walker2d,8,observation,low,0.65,0.3755348771810531,-0.020248313725490196
walker2d,8,observation,high,0.65,0.3755348771810531,0.05629490196078432
walker2d,8,dynamics,low,0.65,0.3755348771810531,-0.0025359477124183008
walker2d,8,dynamics,high,0.65,0.3755348771810531,-0.021321307189542484
walker2d,8,policy,low,0.65,0.3755348771810531,0.009522222222222224
walker2d,8,policy,high,0.65,0.3755348771810531,0.019466143790849672
walker2d,8,observation,low,0.7,0.3755348771810531,-0.03397328104575164
walker2d,8,observation,high,0.7,0.3755348771810531,0.0415768366013072
walker2d,8,dynamics,low,0.7,0.3755348771810531,-0.0026044444444444444
walker2d,8,dynamics,high,0.7,0.3755348771810531,-0.022147712418300654
walker2d,8,policy,low,0.7,0.3755348771810531,0.00980575163398693
walker2d,8,policy,high,0.7,0.3755348771810531,0.020278823529411766
walker2d,8,observation,low,0.75,0.3755348771810531,-0.04653260130718954
walker2d,8,observation,high,0.75,0.3755348771810531,0.02781050980392157
walker2d,8,dynamics,low,0.75,0.3755348771810531,-0.0027301960784313728
walker2d,8,dynamics,high,0.75,0.3755348771810531,-0.02273150326797386
walker2d,8,policy,low,0.75,0.3755348771810531,0.009945228758169933
walker2d,8,policy,high,0.75,0.3755348771810531,0.020744313725490196
walker2d,8,observation,low,0.8,0.3755348771810531,-0.058076915032679734
walker2d,8,observation,high,0.8,0.3755348771810531,0.014846117647058822
walker2d,8,dynamics,low,0.8,0.3755348771810531,-0.0026896732026143793
walker2d,8,dynamics,high,0.8,0.3755348771810531,-0.02327607843137255
walker2d,8,policy,low,0.8,0.3755348771810531,0.010243660130718955
walker2d,8,policy,high,0.8,0.3755348771810531,0.021387843137254902
walker2d,8,observation,low,0.85,0.3755348771810531,-0.06874907189542484
walker2d,8,observation,high,0.85,0.3755348771810531,0.002598117647058823
walker2d,8,dynamics,low,0.85,0.3755348771810531,-0.002690457516339869
walker2d,8,dynamics,high,0.85,0.3755348771810531,-0.023609934640522877
walker2d,8,policy,low,0.85,0.3755348771810531,0.010304575163398692
walker2d,8,policy,high,0.85,0.3755348771810531,0.021735555555555557
walker2d,8,observation,low,0.9,0.3755348771810531,-0.07856732026143791
walker2d,8,observation,high,0.9,0.3755348771810531,-0.008875503267973855
walker2d,8,dynamics,low,0.9,0.3755348771810531,-0.0028211764705882354
walker2d,8,dynamics,high,0.9,0.3755348771810531,-0.02381045751633987
walker2d,8,policy,low,0.9,0.3755348771810531,0.010446797385620916
walker2d,8,policy,high,0.9,0.3755348771810531,0.022052549019607844
walker2d,8,observation,low,0.95,0.3755348771810531,-0.08755806535947713
walker2d,8,observation,high,0.95,0.3755348771810531,-0.01980904575163399
walker2d,8,dynamics,low,0.95,0.3755348771810531,-0.003095686274509804
walker2d,8,dynamics,high,0.95,0.3755348771810531,-0.024248366013071895
walker2d,8,policy,low,0.95,0.3755348771810531,0.010412679738562091
walker2d,8,policy,high,0.95,0.3755348771810531,0.022370065359477123
walker2d,8,observation,low,1.0,0.3755348771810531,-0.09603775163398692
walker2d,8,observation,high,1.0,0.3755348771810531,-0.030181385620915033
walker2d,8,dynamics,low,1.0,0.3755348771810531,-0.0030397385620915033
walker2d,8,dynamics,high,1.0,0.3755348771810531,-0.02439267973856209
walker2d,8,policy,low,1.0,0.3755348771810531,0.010542222222222222
walker2d,8,policy,high,1.0,0.3755348771810531,0.02280235294117647
walker2d,9,observation,low,0.05,0.3696363419294357,0.14808622222222223
walker2d,9,observation,high,0.05,0.3696363419294357,0.18533045751633984
walker2d,9,dynamics,low,0.05,0.3696363419294357,0.0031866666666666675
walker2d,9,dynamics,high,0.05,0.3696363419294357,0.017934640522875817
walker2d,9,policy,low,0.05,0.3696363419294357,-0.007727581699346406
walker2d,9,policy,high,0.05,0.3696363419294357,-0.010541045751633988
walker2d,9,observation,low,0.1,0.3696363419294357,0.17302175163398692
walker2d,9,observation,high,0.1,0.3696363419294357,0.22333835294117646
walker2d,9,dynamics,low,0.1,0.3696363419294357,0.0026086274509803916
walker2d,9,dynamics,high,0.1,0.3696363419294357,0.01663294117647059
walker2d,9,policy,low,0.1,0.3696363419294357,-0.007463006535947713
walker2d,9,policy,high,0.1,0.3696363419294357,-0.012490196078431373
walker2d,9,observation,low,0.15,0.3696363419294357,0.16943884967320264
walker2d,9,observation,high,0.15,0.3696363419294357,0.22849338562091503
walker2d,9,dynamics,low,0.15,0.3696363419294357,0.001259346405228758
walker2d,9,dynamics,high,0.15,0.3696363419294357,0.010180392156862745
walker2d,9,policy,low,0.15,0.3696363419294357,-0.005077908496732026
walker2d,9,policy,high,0.15,0.3696363419294357,-0.011337908496732026
walker2d,9,observation,low,0.2,0.3696363419294357,0.15292878431372547
walker2d,9,observation,high,0.2,0.3696363419294357,0.2182151633986928
walker2d,9,dynamics,low,0.2,0.3696363419294357,8.02614379084969e-05
walker2d,9,dynamics,high,0.2,0.3696363419294357,0.0033145098039215684
walker2d,9,policy,low,0.2,0.3696363419294357,-0.002508627450980392
walker2d,9,policy,high,0.2,0.3696363419294357,-0.00868797385620915
walker2d,9,observation,low,0.25,0.3696363419294357,0.13100329411764705
walker2d,9,observation,high,0.25,0.3696363419294357,0.20072486274509804
walker2d,9,dynamics,low,0.25,0.3696363419294357,-0.0010525490196078428
walker2d,9,dynamics,high,0.25,0.3696363419294357,-0.002849411764705882
walker2d,9,policy,low,0.25,0.3696363419294357,-8.666666666666663e-05
walker2d,9,policy,high,0.25,0.3696363419294357,-0.005115816993464053
walker2d,9,observation,low,0.3,0.3696363419294357,0.10746352941176472
walker2d,9,observation,high,0.3,0.3696363419294357,0.18047064052287584
walker2d,9,dynamics,low,0.3,0.3696363419294357,-0.0019359477124183
walker2d,9,dynamics,high,0.3,0.3696363419294357,-0.00774065359477124
walker2d,9,policy,low,0.3,0.3696363419294357,0.001664705882352941
walker2d,9,policy,high,0.3,0.3696363419294357,-0.0020793464052287582
walker2d,9,observation,low,0.35,0.3696363419294357,0.0842973071895425
walker2d,9,observation,high,0.35,0.3696363419294357,0.15959639215686275
walker2d,9,dynamics,low,0.35,0.3696363419294357,-0.0023618300653594775
walker2d,9,dynamics,high,0.35,0.3696363419294357,-0.011735163398692811
walker2d,9,policy,low,0.35,0.3696363419294357,0.003132287581699346
walker2d,9,policy,high,0.35,0.3696363419294357,0.00043084967320261363
walker2d,9,observation,low,0.4,0.3696363419294357,0.06226818300653594
walker2d,9,observation,high,0.4,0.3696363419294357,0.13909343790849674
walker2d,9,dynamics,low,0.4,0.3696363419294357,-0.0025584313725490197
walker2d,9,dynamics,high,0.4,0.3696363419294357,-0.014224313725490196
walker2d,9,policy,low,0.4,0.3696363419294357,0.00436640522875817
walker2d,9,policy,high,0.4,0.3696363419294357,0.0029291503267973853
walker2d,9,observation,low,0.45,0.3696363419294357,0.041547764705882353
walker2d,9,observation,high,0.45,0.3696363419294357,0.11916350326797387
walker2d,9,dynamics,low,0.45,0.3696363419294357,-0.0028394771241830063
walker2d,9,dynamics,high,0.45,0.3696363419294357,-0.016806797385620912
walker2d,9,policy,low,0.45,0.3696363419294357,0.005106143790849673
walker2d,9,policy,high,0.45,0.3696363419294357,0.004900915032679738
walker2d,9,observation,low,0.5,0.3696363419294357,0.022475450980392157
walker2d,9,observation,high,0.5,0.3696363419294357,0.10049312418300653
walker2d,9,dynamics,low,0.5,0.3696363419294357,-0.0030070588235294117
walker2d,9,dynamics,high,0.5,0.3696363419294357,-0.018349019607843138
walker2d,9,policy,low,0.5,0.3696363419294357,0.005782745098039215
walker2d,9,policy,high,0.5,0.3696363419294357,0.006517777777777778
walker2d,9,observation,low,0.55,0.3696363419294357,0.004837751633986928
walker2d,9,observation,high,0.55,0.3696363419294357,0.0827370980392157
walker2d,9,dynamics,low,0.55,0.3696363419294357,-0.003160261437908497
walker2d,9,dynamics,high,0.55,0.3696363419294357,-0.019892287581699346
walker2d,9,policy,low,0.55,0.3696363419294357,0.006499738562091504
walker2d,9,policy,high,0.55,0.3696363419294357,0.008056470588235293
walker2d,9,observation,low,0.6,0.3696363419294357,-0.011198745098039215
walker2d,9,observation,high,0.6,0.3696363419294357,0.06610149019607844
walker2d,9,dynamics,low,0.6,0.3696363419294357,-0.0032975163398692815
walker2d,9,dynamics,high,0.6,0.3696363419294357,-0.021018823529411767
walker2d,9,policy,low,0.6,0.3696363419294357,0.006640130718954248
walker2d,9,policy,high,0.6,0.3696363419294357,0.009086666666666668
walker2d,9,observation,low,0.65,0.3696363419294357,-0.025997856209150322
walker2d,9,observation,high,0.65,0.3696363419294357,0.050491764705882354
walker2d,9,dynamics,low,0.65,0.3696363419294357,-0.003541699346405229
walker2d,9,dynamics,high,0.65,0.3696363419294357,-0.02208888888888889
walker2d,9,policy,low,0.65,0.3696363419294357,0.007019215686274509
walker2d,9,policy,high,0.65,0.3696363419294357,0.010313464052287582
walker2d,9,observation,low,0.7,0.3696363419294357,-0.03968245751633987
walker2d,9,observation,high,0.7,0.3696363419294357,0.035669071895424835
walker2d,9,dynamics,low,0.7,0.3696363419294357,-0.0034169934640522876
walker2d,9,dynamics,high,0.7,0.3696363419294357,-0.022677908496732027
walker2d,9,policy,low,0.7,0.3696363419294357,0.007391111111111111
walker2d,9,policy,high,0.7,0.3696363419294357,0.01140954248366013
walker2d,9,observation,low,0.75,0.3696363419294357,-0.052225830065359476
walker2d,9,observation,high,0.75,0.3696363419294357,0.021885019607843136
walker2d,9,dynamics,low,0.75,0.3696363419294357,-0.0036661437908496737
walker2d,9,dynamics,high,0.75,0.3696363419294357,-0.02337908496732026
walker2d,9,policy,low,0.75,0.3696363419294357,0.007549411764705883
walker2d,9,policy,high,0.75,0.3696363419294357,0.012077908496732025
walker2d,9,observation,low,0.8,0.3696363419294357,-0.06358640522875816
walker2d,9,observation,high,0.8,0.3696363419294357,0.008891503267973855
walker2d,9,dynamics,low,0.8,0.3696363419294357,-0.003576732026143791
walker2d,9,dynamics,high,0.8,0.3696363419294357,-0.02389124183006536
walker2d,9,policy,low,0.8,0.3696363419294357,0.007552679738562092
walker2d,9,policy,high,0.8,0.3696363419294357,0.012527320261437911
walker2d,9,observation,low,0.85,0.3696363419294357,-0.07410096732026145
walker2d,9,observation,high,0.85,0.3696363419294357,-0.00334248366013072
walker2d,9,dynamics,low,0.85,0.3696363419294357,-0.003418039215686274
walker2d,9,dynamics,high,0.85,0.3696363419294357,-0.024256993464052287
walker2d,9,policy,low,0.85,0.3696363419294357,0.00799281045751634
walker2d,9,policy,high,0.85,0.3696363419294357,0.013214901960784314
walker2d,9,observation,low,0.9,0.3696363419294357,-0.0838002091503268
walker2d,9,observation,high,0.9,0.3696363419294357,-0.014942274509803921
walker2d,9,dynamics,low,0.9,0.3696363419294357,-0.0034922875816993455
walker2d,9,dynamics,high,0.9,0.3696363419294357,-0.02458875816993464
walker2d,9,policy,low,0.9,0.3696363419294357,0.008075816993464052
walker2d,9,policy,high,0.9,0.3696363419294357,0.013622222222222223
walker2d,9,observation,low,0.95,0.3696363419294357,-0.0926965751633987
walker2d,9,observation,high,0.95,0.3696363419294357,-0.02582216993464052
walker2d,9,dynamics,low,0.95,0.3696363419294357,-0.0034773856209150324
walker2d,9,dynamics,high,0.95,0.3696363419294357,-0.02461934640522876
walker2d,9,policy,low,0.95,0.3696363419294357,0.008147581699346405
walker2d,9,policy,high,0.95,0.3696363419294357,0.01403908496732026
walker2d,9,observation,low,1.0,0.3696363419294357,-0.10096266666666666
walker2d,9,observation,high,1.0,0.3696363419294357,-0.03615084967320262
walker2d,9,dynamics,low,1.0,0.3696363419294357,-0.0034674509803921567
walker2d,9,dynamics,high,1.0,0.3696363419294357,-0.02487294117647059
walker2d,9,policy,low,1.0,0.3696363419294357,0.008084183006535949
walker2d,9,policy,high,1.0,0.3696363419294357,0.014335686274509806
