env,alpha,O_low,D_low,r_low,O_high,D_high,r_high
hopper,0.1,0.2434683636363636,0.0012871515151515,189.15283925040242,0.2873736,0.0129358787878787,22.21523598916817
hopper,0.25,0.1938479838383838,-0.0012680808080808,152.86721682332418,0.2600814949494949,-0.0056930101010101,45.68435508367518
hopper,0.35,0.1447858343434343,-0.0020346666666666,71.15948607967188,0.2205922989898989,-0.0128788686868686,17.12823574440328
hopper,0.5,0.0803630464646464,-0.0025410505050505,31.62591467777587,0.1663492202020202,-0.0182454141414141,9.117316763144045
hopper,0.75,-0.0010118545454545,-0.0024976969696969,0.405115015044155,0.0951427232323232,-0.0208577373737373,4.561507393036826
hopper,1.0,-0.0597934545454545,-0.0024370101010101,24.535579282445777,0.0412857131313131,-0.0212191111111111,1.9456853265495369
walker2d,0.1,0.1740316496732026,0.0020713986928104,84.01649101993138,0.2234205281045751,0.015586248366013,14.334464770352342
walker2d,0.25,0.1342109176470587,-0.0005732287581699,234.13151509624672,0.2029517228758169,-0.0018833725490195,107.75973292245091
walker2d,0.35,0.0881578875816993,-0.0016229019607842,54.32114182615237,0.1625267660130718,-0.0103912679738561,15.640705871697357
walker2d,0.5,0.026520679738562,-0.0023761307189541,11.161288193031565,0.1037675555555555,-0.0176053333333332,5.894097748157166
walker2d,0.75,-0.048614065359477,-0.0028792156862744,16.88448197584733,0.0251251346405228,-0.0225998692810457,1.1117380515822282
walker2d,1.0,-0.0981023738562091,-0.0030145620915032,32.54282740857088,-0.0330716862745097,-0.0241781176470587,1.3678354434896596
