env,mechanism,intensity,n,ate_mean,ate_sd,t_ci_low,t_ci_high,excludes_zero
hopper,observation,low,10,-0.05979345454545455,0.009267224842982992,-0.06642282783622915,-0.05316408125467996,True
hopper,observation,high,10,0.04128571313131312,0.008958584510026941,0.03487712783418518,0.04769429842844106,True
hopper,dynamics,low,10,-0.0024370101010101003,0.0011620225778078172,-0.0032682709769592953,-0.0016057492250609053,True
hopper,dynamics,high,10,-0.021219111111111112,0.0032627071005611233,-0.023553111167714705,-0.01888511105450752,True
hopper,policy,low,10,0.0034056363636363633,0.00045419202071743625,0.003080726964971346,0.0037305457623013805,True
hopper,policy,high,10,0.006233515151515151,0.00193140653510477,0.0048518701483569425,0.00761516015467336,True
walker2d,observation,low,5,-0.09689111633986928,0.006912031607508229,-0.10547353714135876,-0.0883086955383798,True
walker2d,observation,high,5,-0.032558033986928095,0.006913046952873559,-0.04114171550620344,-0.023974352467652747,True
walker2d,dynamics,low,5,-0.0029611503267973857,0.0005986263798518529,-0.003704443151034484,-0.0022178575025602874,True
walker2d,dynamics,high,5,-0.02406875816993464,0.001045492141007299,-0.025366908121828378,-0.0227706082180409,True
walker2d,policy,low,5,0.009500470588235294,0.000684290007142443,0.008650812322035925,0.010350128854434664,True
walker2d,policy,high,5,0.019400601307189545,0.0018729769340765784,0.01707499327868059,0.0217262093356985,True
