env,mechanism,intensity,n,ate_mean,ate_sd,t_ci_low,t_ci_high,excludes_zero,alpha_mean
hopper,observation,low,10,0.2012503111111111,0.004288330659536569,0.1981826241586501,0.20431799806357212,True,0.23613843619823455
hopper,observation,high,10,0.26587642828282826,0.0031907522553534444,0.2635939016216633,0.2681589549439932,True,0.23613843619823455
hopper,dynamics,low,10,-0.001134828282828283,0.0006789429049094151,-0.0016205147786270179,-0.0006491417870295481,True,0.23613843619823455
hopper,dynamics,high,10,-0.004451878787878788,0.0021189653405989206,-0.00596769527782616,-0.002936062297931415,True,0.23613843619823455
hopper,policy,low,10,0.0008560808080808081,0.0002918306919468715,0.0006473177072172576,0.0010648439089443584,True,0.23613843619823455
hopper,policy,high,10,0.002465171717171717,0.0009359461012015761,0.0017956362100443077,0.003134707224299126,True,0.23613843619823455
walker2d,observation,low,10,0.07749429542483659,0.003933740375271735,0.07468026708102078,0.08030832376865239,True,0.37426483929157256
walker2d,observation,high,10,0.1526765908496732,0.003834082105835632,0.14993385373713736,0.15541932796220903,True,0.37426483929157256
walker2d,dynamics,low,10,-0.0017787712418300655,0.00041883489486173325,-0.0020783876763383067,-0.0014791548073218243,True,0.37426483929157256
walker2d,dynamics,high,10,-0.01194483660130719,0.00124891828077271,-0.012838258918473034,-0.011051414284141347,True,0.37426483929157256
walker2d,policy,low,10,0.004858130718954248,0.0007108295345008708,0.004349633902468573,0.005366627535439923,True,0.37426483929157256
walker2d,policy,high,10,0.0062969411764705885,0.002480933393080004,0.004522188340433723,0.008071694012507454,True,0.37426483929157256
