env,seed,mechanism,intensity,ate,ci_low,ci_high,p_value,alpha
hopper,0,observation,low,-0.050601535353535364,-0.05234116767676767,-0.04886857777777778,0.0001999600079984003,0.2544639855623245
hopper,0,observation,high,0.05111612121212121,0.0494431696969697,0.05276389494949495,0.0001999600079984003,0.2544639855623245
hopper,0,policy,low,0.0034563636363636363,0.003155752525252525,0.003758222222222221,0.0001999600079984003,0.2544639855623245
hopper,0,policy,high,0.007840404040404038,0.007084818181818182,0.008570348484848483,0.0001999600079984003,0.2544639855623245
hopper,0,dynamics,low,-0.0029818181818181814,-0.0033612222222222203,-0.002606020202020202,0.0003332222592469177,0.2544639855623245
hopper,0,dynamics,high,-0.02156363636363636,-0.022753141414141417,-0.020315060606060607,0.0003332222592469177,0.2544639855623245
hopper,1,observation,low,-0.07446181818181818,-0.07621304242424243,-0.07271252727272727,0.0001999600079984003,0.22179218381643293
hopper,1,observation,high,0.02846836363636364,0.026825278787878788,0.03014772525252525,0.0001999600079984003,0.22179218381643293
hopper,1,policy,low,0.0025963636363636367,0.0022826161616161618,0.0029052878787878787,0.0001999600079984003,0.22179218381643293
hopper,1,policy,high,0.002732727272727272,0.001918914141414141,0.003557873737373735,0.0001999600079984003,0.22179218381643293
hopper,1,dynamics,low,-0.001411313131313131,-0.001779808080808081,-0.001039999999999999,0.0003332222592469177,0.22179218381643293
hopper,1,dynamics,high,-0.017437575757575756,-0.018560303030303028,-0.01627111111111111,0.0003332222592469177,0.22179218381643293
hopper,2,observation,low,-0.04755854545454546,-0.04926751111111112,-0.045844610101010104,0.0001999600079984003,0.2596174329519272
hopper,2,observation,high,0.052737292929292925,0.05111690909090909,0.05441148888888889,0.0001999600079984003,0.2596174329519272
hopper,2,policy,low,0.003956767676767676,0.0036486818181818174,0.004263848484848484,0.0001999600079984003,0.2596174329519272
hopper,2,policy,high,0.008349494949494949,0.0076046262626262625,0.009129904040404042,0.0001999600079984003,0.2596174329519272
hopper,2,dynamics,low,-0.0033494949494949494,-0.0037632626262626267,-0.002940969696969697,0.0003332222592469177,0.2596174329519272
hopper,2,dynamics,high,-0.023474343434343434,-0.02471728282828283,-0.02229164646464647,0.0003332222592469177,0.2596174329519272
hopper,3,observation,low,-0.06348177777777778,-0.0651997616161616,-0.061797169696969696,0.0001999600079984003,0.2359881475567818
hopper,3,observation,high,0.03654682828282828,0.03486983838383838,0.038198234343434334,0.0001999600079984003,0.2359881475567818
hopper,3,policy,low,0.00361070707070707,0.00330380808080808,0.0039212272727272715,0.0001999600079984003,0.2359881475567818
hopper,3,policy,high,0.005311919191919192,0.004546060606060606,0.0061012323232323236,0.0001999600079984003,0.2359881475567818
hopper,3,dynamics,low,-0.0030816161616161616,-0.0034680707070707064,-0.0027050505050505045,0.0003332222592469177,0.2359881475567818
hopper,3,dynamics,high,-0.021858585858585862,-0.023067595959595958,-0.02071209090909091,0.0003332222592469177,0.2359881475567818
hopper,4,observation,low,-0.05780743434343434,-0.05951225656565657,-0.05610622424242425,0.0001999600079984003,0.23815410584211347
hopper,4,observation,high,0.04357858585858586,0.041988428282828276,0.045228626262626255,0.0001999600079984003,0.23815410584211347
hopper,4,policy,low,0.0037537373737373736,0.003457570707070706,0.004041843434343434,0.0001999600079984003,0.23815410584211347
hopper,4,policy,high,0.00869030303030303,0.007950075757575756,0.009407479797979797,0.0001999600079984003,0.23815410584211347
hopper,4,dynamics,low,-0.0029054545454545453,-0.0033167979797979804,-0.002493727272727273,0.0003332222592469177,0.23815410584211347
hopper,4,dynamics,high,-0.02380686868686869,-0.025057808080808083,-0.02259456565656566,0.0003332222592469177,0.23815410584211347
hopper,5,observation,low,-0.05710682828282828,-0.05880715959595959,-0.055408662626262636,0.0001999600079984003,0.24082247167825702
hopper,5,observation,high,0.04236476767676767,0.0407702606060606,0.04402578787878787,0.0001999600079984003,0.24082247167825702
hopper,5,policy,low,0.0037753535353535353,0.0034789898989898995,0.004070712121212122,0.0001999600079984003,0.24082247167825702
hopper,5,policy,high,0.007276969696969698,0.006533919191919192,0.00805479797979798,0.0001999600079984003,0.24082247167825702
hopper,5,dynamics,low,-0.002215353535353535,-0.0026000202020202015,-0.001832717171717171,0.0003332222592469177,0.24082247167825702
hopper,5,dynamics,high,-0.02136969696969697,-0.0225560303030303,-0.02014371717171717,0.0003332222592469177,0.24082247167825702
hopper,6,observation,low,-0.07336258585858585,-0.07503471111111111,-0.07175911515151513,0.0001999600079984003,0.2086080685257912
hopper,6,observation,high,0.026920080808080803,0.025248973737373736,0.028509303030303027,0.0001999600079984003,0.2086080685257912
hopper,6,policy,low,0.0036517171717171714,0.003346868686868687,0.003949111111111111,0.0001999600079984003,0.2086080685257912
hopper,6,policy,high,0.004078181818181818,0.0032981363636363625,0.004849313131313131,0.0001999600079984003,0.2086080685257912
hopper,6,dynamics,low,-0.0034630303030303024,-0.0038626363636363624,-0.0030751414141414143,0.0003332222592469177,0.2086080685257912
hopper,6,dynamics,high,-0.025047676767676767,-0.02635282828282828,-0.023875818181818182,0.0003332222592469177,0.2086080685257912
hopper,7,observation,low,-0.05238004040404041,-0.05414811111111112,-0.050629773737373734,0.0001999600079984003,0.23562423139810565
hopper,7,observation,high,0.0481630707070707,0.04651738181818182,0.04985538181818181,0.0001999600079984003,0.23562423139810565
hopper,7,policy,low,0.002816565656565657,0.002523828282828283,0.003099424242424242,0.0001999600079984003,0.23562423139810565
hopper,7,policy,high,0.005726666666666666,0.004975131313131314,0.006482292929292929,0.0001999600079984003,0.23562423139810565
hopper,7,dynamics,low,-0.0008501010101010091,-0.00125011111111111,-0.0004783434343434334,0.0003332222592469177,0.23562423139810565
hopper,7,dynamics,high,-0.016916363636363632,-0.018069171717171716,-0.015789171717171716,0.0003332222592469177,0.23562423139810565
hopper,8,observation,low,-0.05517947474747474,-0.05687341818181819,-0.05343949696969698,0.0001999600079984003,0.2393036261200905
hopper,8,observation,high,0.04636064646464646,0.04470609292929292,0.04799796565656566,0.0001999600079984003,0.2393036261200905
hopper,8,policy,low,0.003462828282828282,0.0031662575757575753,0.0037664898989898973,0.0001999600079984003,0.2393036261200905
hopper,8,policy,high,0.006992525252525252,0.006270101010101011,0.007748085858585858,0.0001999600079984003,0.2393036261200905
hopper,8,dynamics,low,-0.003703030303030303,-0.004134565656565657,-0.003273505050505051,0.0003332222592469177,0.2393036261200905
hopper,8,dynamics,high,-0.024512727272727273,-0.02583278787878788,-0.023219121212121212,0.0003332222592469177,0.2393036261200905
hopper,9,observation,low,-0.06599450505050505,-0.06766856161616161,-0.06432748888888888,0.0001999600079984003,0.22701010853052142
hopper,9,observation,high,0.03660137373737373,0.03492298787878788,0.03822070707070707,0.0001999600079984003,0.22701010853052142
hopper,9,policy,low,0.0029759595959595957,0.002683025252525252,0.003265262626262626,0.0001999600079984003,0.22701010853052142
hopper,9,policy,high,0.005335959595959596,0.00457810101010101,0.006085691919191919,0.0001999600079984003,0.22701010853052142
hopper,9,dynamics,low,-0.00040888888888888957,-0.0007511919191919195,-5.010101010101153e-05,0.021326224591802733,0.22701010853052142
hopper,9,dynamics,high,-0.016203636363636365,-0.017284656565656566,-0.015197515151515151,0.0003332222592469177,0.22701010853052142
walker2d,0,observation,low,-0.09865856209150327,-0.10004100915032682,-0.09725943921568628,0.0001999600079984003,0.3714769929647445
walker2d,0,observation,high,-0.03400752941176471,-0.035653780392156866,-0.03237126928104575,0.0001999600079984003,0.3714769929647445
walker2d,0,policy,low,0.00972797385620915,0.009382856209150326,0.01006722222222222,0.0001999600079984003,0.3714769929647445
walker2d,0,policy,high,0.018269542483660133,0.01735526470588235,0.019168777777777778,0.0001999600079984003,0.3714769929647445
walker2d,0,dynamics,low,-0.002348235294117647,-0.0026784379084967324,-0.0020023333333333334,0.0003332222592469177,0.3714769929647445
walker2d,0,dynamics,high,-0.023752418300653597,-0.024827856209150328,-0.02266449019607843,0.0003332222592469177,0.3714769929647445
walker2d,1,observation,low,-0.08646572549019607,-0.08781264836601307,-0.08512259869281046,0.0001999600079984003,0.3868625313043595
walker2d,1,observation,high,-0.02226677124183007,-0.023858124183006535,-0.020655360784313723,0.0001999600079984003,0.3868625313043595
walker2d,1,policy,low,0.008483790849673203,0.008155683006535948,0.008810196078431372,0.0001999600079984003,0.3868625313043595
walker2d,1,policy,high,0.019429281045751635,0.018553983660130717,0.020281349673202616,0.0001999600079984003,0.3868625313043595
walker2d,1,dynamics,low,-0.0038575163398692817,-0.004189026143790852,-0.0035178758169934652,0.0003332222592469177,0.3868625313043595
walker2d,1,dynamics,high,-0.025702745098039215,-0.026852555555555553,-0.024641450980392155,0.0003332222592469177,0.3868625313043595
walker2d,2,observation,low,-0.09545385620915033,-0.09690068627450982,-0.09399143267973856,0.0001999600079984003,0.37083970010280604
walker2d,2,observation,high,-0.03216324183006535,-0.03376796601307189,-0.030544456209150327,0.0001999600079984003,0.37083970010280604
walker2d,2,policy,low,0.010207058823529411,0.009871869281045751,0.010531375816993465,0.0001999600079984003,0.37083970010280604
walker2d,2,policy,high,0.02262901960784314,0.02171476797385621,0.02355738888888889,0.0001999600079984003,0.37083970010280604
walker2d,2,dynamics,low,-0.002636862745098039,-0.002989300653594771,-0.0022901830065359475,0.0003332222592469177,0.37083970010280604
walker2d,2,dynamics,high,-0.02282718954248366,-0.02391460130718954,-0.021752111111111107,0.0003332222592469177,0.37083970010280604
walker2d,3,observation,low,-0.09831450980392158,-0.09976198431372549,-0.0969076954248366,0.0001999600079984003,0.3618657141923905
walker2d,3,observation,high,-0.03268538562091503,-0.03429844575163399,-0.03106668627450981,0.0001999600079984003,0.3618657141923905
walker2d,3,policy,low,0.00991921568627451,0.009575529411764707,0.010247222222222222,0.0001999600079984003,0.3618657141923905
walker2d,3,policy,high,0.018523790849673205,0.017636977124183006,0.019381738562091504,0.0001999600079984003,0.3618657141923905
walker2d,3,dynamics,low,-0.0032538562091503267,-0.0035995555555555555,-0.002919411764705882,0.0003332222592469177,0.3618657141923905
walker2d,3,dynamics,high,-0.024200784313725493,-0.025329183006535944,-0.023161189542483657,0.0003332222592469177,0.3618657141923905
walker2d,4,observation,low,-0.10556292810457515,-0.10694962614379085,-0.10414637647058825,0.0001999600079984003,0.37155486643314367
walker2d,4,observation,high,-0.04166724183006535,-0.04324069542483659,-0.04003060784313725,0.0001999600079984003,0.37155486643314367
walker2d,4,policy,low,0.009164313725490196,0.008838124183006536,0.009487598039215684,0.0001999600079984003,0.37155486643314367
walker2d,4,policy,high,0.018151372549019607,0.01727058496732026,0.01901872875816993,0.0001999600079984003,0.37155486643314367
walker2d,4,dynamics,low,-0.0027092810457516343,-0.0030805294117647064,-0.002366254901960784,0.0003332222592469177,0.37155486643314367
walker2d,4,dynamics,high,-0.02386065359477124,-0.02504762745098039,-0.022744052287581702,0.0003332222592469177,0.37155486643314367
