env,seed,mechanism,intensity,ate,ci_low,ci_high,alpha
hopper,0,observation,low,0.19702747474747473,0.19563706868686867,0.19843384242424242,0.2544639855623245
hopper,0,observation,high,0.264166303030303,0.26289198383838386,0.2653611515151515,0.2544639855623245
hopper,0,policy,low,0.0007595959595959591,0.00040079292929292865,0.001126666666666666,0.2544639855623245
hopper,0,policy,high,0.002093535353535353,0.0012661969696969695,0.002907924242424242,0.2544639855623245
hopper,0,dynamics,low,-0.0006824242424242427,-0.0011256868686868688,-0.0002273939393939403,0.2544639855623245
hopper,0,dynamics,high,-0.0016383838383838387,-0.0028398989898989905,-0.0004208888888888906,0.2544639855623245
hopper,1,observation,low,0.2037201616161616,0.20233766464646463,0.20515247474747472,0.22179218381643293
hopper,1,observation,high,0.26822868686868684,0.2670389434343434,0.2694507535353536,0.22179218381643293
hopper,1,policy,low,0.0004236363636363637,3.795959595959615e-05,0.0008111616161616157,0.22179218381643293
hopper,1,policy,high,0.0018406060606060606,0.0009674494949494956,0.002721217171717172,0.22179218381643293
hopper,1,dynamics,low,-0.0011200000000000001,-0.0015932727272727277,-0.0006480606060606063,0.22179218381643293
hopper,1,dynamics,high,-0.006304646464646465,-0.007437616161616162,-0.005199848484848485,0.22179218381643293
hopper,2,observation,low,0.19429066666666667,0.1928856888888889,0.19571977777777774,0.2596174329519272
hopper,2,observation,high,0.26087733333333335,0.25964636161616156,0.26213028484848483,0.2596174329519272
hopper,2,policy,low,0.000697171717171717,0.00032237878787878767,0.001060207070707071,0.2596174329519272
hopper,2,policy,high,0.0036498989898989895,0.00282240404040404,0.004463651515151515,0.2596174329519272
hopper,2,dynamics,low,-0.0012036363636363638,-0.0016933636363636367,-0.0007066363636363635,0.2596174329519272
hopper,2,dynamics,high,-0.0035963636363636354,-0.00473150505050505,-0.002367232323232323,0.2596174329519272
hopper,3,observation,low,0.19921018181818181,0.19783532323232325,0.20062112323232323,0.2359881475567818
hopper,3,observation,high,0.263637898989899,0.2624002222222222,0.26485361010101016,0.2359881475567818
hopper,3,policy,low,0.0013040404040404038,0.000893939393939394,0.001682242424242424,0.2359881475567818
hopper,3,policy,high,0.0027359595959595955,0.0018454141414141413,0.003589308080808081,0.2359881475567818
hopper,3,dynamics,low,-0.0014775757575757574,-0.0019571818181818175,-0.001028828282828284,0.2359881475567818
hopper,3,dynamics,high,-0.0042016161616161615,-0.005407838383838383,-0.0030194848484848495,0.2359881475567818
hopper,4,observation,low,0.19927490909090909,0.19790988888888886,0.2006613373737374,0.23815410584211347
hopper,4,observation,high,0.26326941414141414,0.2620785414141414,0.2644617111111111,0.23815410584211347
hopper,4,policy,low,0.000972121212121212,0.0005925202020202019,0.0013406060606060608,0.23815410584211347
hopper,4,policy,high,0.0032959595959595957,0.002461611111111111,0.0041444444444444445,0.23815410584211347
hopper,4,dynamics,low,-0.0013862626262626267,-0.0018813030303030302,-0.0008900505050505056,0.23815410584211347
hopper,4,dynamics,high,-0.0031907070707070714,-0.004404242424242424,-0.0019295555555555563,0.23815410584211347
hopper,5,observation,low,0.19866076767676769,0.19730681414141413,0.20004302222222217,0.24082247167825702
hopper,5,observation,high,0.26307014141414137,0.2618714323232323,0.26432358787878785,0.24082247167825702
hopper,5,policy,low,0.0009351515151515151,0.0005539292929292927,0.001316595959595959,0.24082247167825702
hopper,5,policy,high,0.003272121212121212,0.002419378787878787,0.004094757575757575,0.24082247167825702
hopper,5,dynamics,low,-0.0009652525252525255,-0.0014416363636363641,-0.0005033131313131319,0.24082247167825702
hopper,5,dynamics,high,-0.004395555555555555,-0.005589626262626262,-0.0032403333333333333,0.24082247167825702
hopper,6,observation,low,0.20857204040404037,0.20721072929292927,0.20992070303030302,0.2086080685257912
hopper,6,observation,high,0.2687490101010101,0.2674883111111111,0.26992996565656563,0.2086080685257912
hopper,6,policy,low,0.0010280808080808082,0.0006117020202020206,0.0014276969696969696,0.2086080685257912
hopper,6,policy,high,0.00041434343434343417,-0.00048111616161616166,0.001315171717171716,0.2086080685257912
hopper,6,dynamics,low,-0.002306666666666667,-0.0028472828282828286,-0.001767949494949496,0.2086080685257912
hopper,6,dynamics,high,-0.009170505050505049,-0.010501232323232324,-0.00792038383838384,0.2086080685257912
hopper,7,observation,low,0.20542981818181816,0.20402647272727273,0.2068232808080808,0.23562423139810565
hopper,7,observation,high,0.26952468686868686,0.26831440404040396,0.27073593131313134,0.23562423139810565
hopper,7,policy,low,0.00041898989898989873,6.805555555555544e-05,0.0007697272727272721,0.23562423139810565
hopper,7,policy,high,0.0020474747474747475,0.0012076767676767676,0.0028535353535353533,0.23562423139810565
hopper,7,dynamics,low,-0.0005337373737373739,-0.0010170202020202018,-7.39191919191916e-05,0.23562423139810565
hopper,7,dynamics,high,-0.0032096969696969696,-0.00432579797979798,-0.002091494949494951,0.23562423139810565
hopper,8,observation,low,0.20308759595959597,0.20167147272727273,0.20446869494949493,0.2393036261200905
hopper,8,observation,high,0.26765179797979793,0.2664426161616162,0.2689053454545455,0.2393036261200905
hopper,8,policy,low,0.0011781818181818182,0.0007993686868686871,0.0015586363636363636,0.2393036261200905
hopper,8,policy,high,0.002860808080808081,0.0020288232323232326,0.0036911363636363635,0.2393036261200905
hopper,8,dynamics,low,-0.0017894949494949494,-0.0022939797979797975,-0.0012985656565656564,0.2393036261200905
hopper,8,dynamics,high,-0.005601616161616161,-0.006812252525252525,-0.004375252525252526,0.2393036261200905
hopper,9,observation,low,0.2032294949494949,0.201871105050505,0.2046437191919192,0.22701010853052142
hopper,9,observation,high,0.26958901010101005,0.2683495292929293,0.2707970707070707,0.22701010853052142
hopper,9,policy,low,0.0008438383838383837,0.0004951464646464646,0.001197989898989899,0.22701010853052142
hopper,9,policy,high,0.0024410101010101004,0.0016090909090909085,0.003290141414141413,0.22701010853052142
hopper,9,dynamics,low,0.00011676767676767645,-0.00031442424242424284,0.0005847272727272719,0.22701010853052142
hopper,9,dynamics,high,-0.0032096969696969696,-0.0043046565656565654,-0.0021983737373737376,0.22701010853052142
walker2d,0,observation,low,0.07860611764705881,0.07716891633986928,0.08000448366013072,0.3714769929647445
walker2d,0,observation,high,0.15352972549019608,0.15209942352941175,0.15493178692810458,0.3714769929647445
walker2d,0,policy,low,0.005261176470588235,0.0048379934640522875,0.0056814509803921566,0.3714769929647445
walker2d,0,policy,high,0.006772941176470588,0.005790424836601308,0.007812813725490196,0.3714769929647445
walker2d,0,dynamics,low,-0.00160078431372549,-0.002015712418300653,-0.0011965816993464058,0.3714769929647445
walker2d,0,dynamics,high,-0.011995032679738563,-0.013107738562091499,-0.01087837908496732,0.3714769929647445
walker2d,1,observation,low,0.08089458823529412,0.07950161960784315,0.08229726274509803,0.3868625313043595
walker2d,1,observation,high,0.15738729411764707,0.1559807777777778,0.15882372810457515,0.3868625313043595
walker2d,1,policy,low,0.0035466666666666663,0.003161937908496732,0.003941062091503267,0.3868625313043595
walker2d,1,policy,high,0.006934248366013071,0.0060206339869281035,0.007844205882352939,0.3868625313043595
walker2d,1,dynamics,low,-0.0023461437908496733,-0.002733875816993464,-0.0019599934640522876,0.3868625313043595
walker2d,1,dynamics,high,-0.00989359477124183,-0.010970647058823528,-0.008808875816993463,0.3868625313043595
walker2d,2,observation,low,0.08167686274509804,0.08024085098039216,0.08314192941176471,0.37083970010280604
walker2d,2,observation,high,0.15605098039215684,0.1546645359477124,0.15742879215686273,0.37083970010280604
walker2d,2,policy,low,0.005477254901960785,0.005066006535947712,0.005894130718954247,0.37083970010280604
walker2d,2,policy,high,0.010003137254901961,0.009000120915032678,0.011069807189542487,0.37083970010280604
walker2d,2,dynamics,low,-0.0011283660130718954,-0.0015328104575163398,-0.0007155032679738565,0.37083970010280604
walker2d,2,dynamics,high,-0.010318431372549019,-0.01136654248366013,-0.009266496732026144,0.37083970010280604
walker2d,3,observation,low,0.08425981699346405,0.08284254901960784,0.08562783660130718,0.3618657141923905
walker2d,3,observation,high,0.15863064052287582,0.15723416470588233,0.15998075555555552,0.3618657141923905
walker2d,3,policy,low,0.004985359477124184,0.004550967320261438,0.005426277777777777,0.3618657141923905
walker2d,3,policy,high,0.005286535947712418,0.0042823300653594765,0.006268630718954247,0.3618657141923905
walker2d,3,dynamics,low,-0.0019427450980392155,-0.002331588235294118,-0.0015538888888888887,0.3618657141923905
walker2d,3,dynamics,high,-0.011283660130718954,-0.012358934640522873,-0.010235065359477125,0.3618657141923905
walker2d,4,observation,low,0.07229918954248364,0.07087711633986929,0.07372207189542485,0.37155486643314367
walker2d,4,observation,high,0.14685396078431373,0.14546618300653597,0.1482901450980392,0.37155486643314367
walker2d,4,policy,low,0.005305490196078432,0.0048920000000000005,0.005712555555555556,0.37155486643314367
walker2d,4,policy,high,0.006456601307189542,0.005461147058823529,0.007450490196078432,0.37155486643314367
walker2d,4,dynamics,low,-0.0012779084967320259,-0.001700052287581699,-0.0008770915032679739,0.37155486643314367
walker2d,4,dynamics,high,-0.012046013071895425,-0.013129699346405227,-0.010913941176470588,0.37155486643314367
walker2d,5,observation,low,0.07482969934640522,0.0734067320261438,0.07626232156862744,0.3600995093584061
walker2d,5,observation,high,0.14969024836601308,0.1482823725490196,0.1511177594771242,0.3600995093584061
walker2d,5,policy,low,0.005211372549019607,0.004796859477124184,0.005633464052287582,0.3600995093584061
walker2d,5,policy,high,0.0060724183006535945,0.005037205882352941,0.0071085947712418275,0.3600995093584061
walker2d,5,dynamics,low,-0.002079738562091504,-0.0024776732026143794,-0.0016522091503267976,0.3600995093584061
walker2d,5,dynamics,high,-0.014206797385620914,-0.015363712418300653,-0.01307773202614379,0.3600995093584061
walker2d,6,observation,low,0.0762243137254902,0.07483159607843137,0.07761692810457516,0.37797619402408605
walker2d,6,observation,high,0.1505358431372549,0.1491210980392157,0.1519131751633987,0.37797619402408605
walker2d,6,policy,low,0.004849150326797385,0.004427382352941176,0.005279483660130719,0.37797619402408605
walker2d,6,policy,high,0.003939084967320261,0.00297254248366013,0.004952303921568626,0.37797619402408605
walker2d,6,dynamics,low,-0.0018501960784313726,-0.0022520261437908493,-0.0014426339869281055,0.37797619402408605
walker2d,6,dynamics,high,-0.012909542483660129,-0.014082797385620915,-0.011691339869281045,0.37797619402408605
walker2d,7,observation,low,0.07270054901960785,0.07128264183006537,0.07411147450980392,0.39680166542530065
walker2d,7,observation,high,0.1490867973856209,0.1476740339869281,0.15049966797385622,0.39680166542530065
walker2d,7,policy,low,0.004580000000000001,0.004177369281045752,0.004973212418300653,0.39680166542530065
walker2d,7,policy,high,0.006323267973856209,0.005389055555555555,0.00725754248366013,0.39680166542530065
walker2d,7,dynamics,low,-0.0014193464052287585,-0.001784058823529412,-0.001025078431372549,0.39680166542530065
walker2d,7,dynamics,high,-0.011919477124183005,-0.013015254901960783,-0.01082186274509804,0.39680166542530065
walker2d,8,observation,low,0.07801850980392155,0.07664658823529413,0.07943797777777777,0.3755348771810531
walker2d,8,observation,high,0.15354734640522874,0.15220131111111113,0.15495903921568627,0.3755348771810531
walker2d,8,policy,low,0.005631503267973856,0.005191728758169935,0.006055303921568627,0.3755348771810531
walker2d,8,policy,high,0.009675424836601306,0.008705454248366013,0.01062786928104575,0.3755348771810531
walker2d,8,dynamics,low,-0.0018177777777777778,-0.0022175294117647063,-0.0014353921568627463,0.3755348771810531
walker2d,8,dynamics,high,-0.012120522875816993,-0.013307496732026143,-0.01096046405228758,0.3755348771810531
walker2d,9,observation,low,0.0754333071895425,0.07404861307189543,0.07687226274509804,0.3696363419294357
walker2d,9,observation,high,0.15145307189542484,0.15006446535947715,0.15287278039215688,0.3696363419294357
walker2d,9,policy,low,0.003733333333333333,0.003324300653594771,0.004143663398692809,0.3696363419294357
walker2d,9,policy,high,0.0015057516339869275,0.0005133202614379083,0.0024861470588235287,0.3696363419294357
walker2d,9,dynamics,low,-0.0023247058823529405,-0.0027384771241830063,-0.0019317254901960782,0.3696363419294357
walker2d,9,dynamics,high,-0.012755294117647059,-0.013876901960784312,-0.011699758169934639,0.3696363419294357
