seed,mechanism,intensity,ate_original,ate_corrected,ci_low,ci_high,p_value,n_pairs,resim_bias
0,observation,low,-0.050601535353535364,-0.050601535353535364,-0.05233463030303031,-0.048844082828282835,0.0001999600079984003,25000,0.0
0,observation,high,0.05111612121212121,0.05111612121212121,0.049490703030303035,0.05279564646464646,0.0001999600079984003,25000,0.0
0,policy,low,0.00038686868686868667,0.0034563636363636363,0.0031569242424242428,0.0037610707070707067,0.0001999600079984003,10000,-0.00306949494949495
0,policy,high,0.00477090909090909,0.007840404040404038,0.007090090909090909,0.008551171717171718,0.0001999600079984003,10000,-0.00306949494949495
0,dynamics,low,-0.006185050505050505,-0.0029818181818181814,-0.0033612222222222203,-0.002606020202020202,0.0003332222592469177,5000,-0.0032032323232323236
0,dynamics,high,-0.024766868686868688,-0.02156363636363636,-0.022753141414141417,-0.020315060606060607,0.0003332222592469177,5000,-0.0032032323232323236
1,observation,low,-0.07446181818181818,-0.07446181818181818,-0.07621750303030303,-0.07269470101010102,0.0001999600079984003,25000,0.0
1,observation,high,0.02846836363636364,0.02846836363636364,0.02683141616161615,0.03015872727272727,0.0001999600079984003,25000,0.0
1,policy,low,-0.0010307070707070711,0.0025963636363636367,0.00228560101010101,0.0029028333333333332,0.0001999600079984003,10000,-0.0036270707070707076
1,policy,high,-0.0008943434343434355,0.002732727272727272,0.0019147323232323228,0.0035624343434343428,0.0001999600079984003,10000,-0.0036270707070707076
1,dynamics,low,-0.005219393939393939,-0.001411313131313131,-0.001779808080808081,-0.001039999999999999,0.0003332222592469177,5000,-0.003808080808080808
1,dynamics,high,-0.021245656565656565,-0.017437575757575756,-0.018560303030303028,-0.01627111111111111,0.0003332222592469177,5000,-0.003808080808080808
2,observation,low,-0.04755854545454546,-0.04755854545454546,-0.04925797777777778,-0.045847313131313135,0.0001999600079984003,25000,0.0
2,observation,high,0.052737292929292925,0.052737292929292925,0.0511536606060606,0.05439982222222221,0.0001999600079984003,25000,0.0
2,policy,low,0.0013878787878787878,0.003956767676767676,0.0036434292929292933,0.004264292929292931,0.0001999600079984003,10000,-0.002568888888888889
2,policy,high,0.00578060606060606,0.008349494949494949,0.007621813131313131,0.00916310606060606,0.0001999600079984003,10000,-0.002568888888888889
2,dynamics,low,-0.005825050505050506,-0.0033494949494949494,-0.0037632626262626267,-0.002940969696969697,0.0003332222592469177,5000,-0.0024755555555555555
2,dynamics,high,-0.025949898989898985,-0.023474343434343434,-0.02471728282828283,-0.02229164646464647,0.0003332222592469177,5000,-0.0024755555555555555
3,observation,low,-0.06348177777777778,-0.06348177777777778,-0.06522942222222222,-0.06176846666666667,0.0001999600079984003,25000,0.0
3,observation,high,0.03654682828282828,0.03654682828282828,0.0348878505050505,0.038207901010101006,0.0001999600079984003,25000,0.0
3,policy,low,-4.868686868686969e-05,0.00361070707070707,0.0033110101010101,0.00393151515151515,0.0001999600079984003,10000,-0.00365939393939394
3,policy,high,0.001652525252525252,0.005311919191919192,0.004525020202020202,0.006088323232323232,0.0001999600079984003,10000,-0.00365939393939394
3,dynamics,low,-0.006643636363636364,-0.0030816161616161616,-0.0034680707070707064,-0.0027050505050505045,0.0003332222592469177,5000,-0.003562020202020203
3,dynamics,high,-0.02542060606060606,-0.021858585858585862,-0.023067595959595958,-0.02071209090909091,0.0003332222592469177,5000,-0.003562020202020203
4,observation,low,-0.05780743434343434,-0.05780743434343434,-0.059526357575757576,-0.05608880404040403,0.0001999600079984003,25000,0.0
4,observation,high,0.04357858585858586,0.04357858585858586,0.04198750505050505,0.04521292929292929,0.0001999600079984003,25000,0.0
4,policy,low,0.0004981818181818175,0.0037537373737373736,0.0034611969696969696,0.0040414191919191916,0.0001999600079984003,10000,-0.003255555555555556
4,policy,high,0.005434747474747474,0.00869030303030303,0.007964368686868685,0.009419808080808079,0.0001999600079984003,10000,-0.003255555555555556
4,dynamics,low,-0.005773737373737373,-0.0029054545454545453,-0.0033167979797979804,-0.002493727272727273,0.0003332222592469177,5000,-0.0028682828282828284
4,dynamics,high,-0.026675151515151516,-0.02380686868686869,-0.025057808080808083,-0.02259456565656566,0.0003332222592469177,5000,-0.0028682828282828284
