seed,mechanism,intensity,ate,ci_low,ci_high,alpha
0,observation,low,0.19702747474747473,0.19564080404040401,0.19841377979797978,0.2544639855623245
0,observation,high,0.264166303030303,0.2629512929292929,0.2653158484848484,0.2544639855623245
0,policy,low,0.0007595959595959591,0.0004078181818181813,0.0011295303030303024,0.2544639855623245
0,policy,high,0.002093535353535353,0.001255934343434343,0.0029066868686868684,0.2544639855623245
0,dynamics,low,-0.0006824242424242427,-0.0011256868686868688,-0.0002273939393939403,0.2544639855623245
0,dynamics,high,-0.0016383838383838387,-0.0028398989898989905,-0.0004208888888888906,0.2544639855623245
1,observation,low,0.2037201616161616,0.20229299595959593,0.2051570808080808,0.22179218381643293
1,observation,high,0.26822868686868684,0.26704241616161617,0.2694578707070707,0.22179218381643293
1,policy,low,0.0004236363636363637,3.410606060606079e-05,0.0008008535353535359,0.22179218381643293
1,policy,high,0.0018406060606060606,0.0009793888888888888,0.0027147727272727276,0.22179218381643293
1,dynamics,low,-0.0011200000000000001,-0.0015932727272727277,-0.0006480606060606063,0.22179218381643293
1,dynamics,high,-0.006304646464646465,-0.007437616161616162,-0.005199848484848485,0.22179218381643293
2,observation,low,0.19429066666666667,0.19286772323232323,0.19573375959595962,0.2596174329519272
2,observation,high,0.26087733333333335,0.25966828282828286,0.26209592525252523,0.2596174329519272
2,policy,low,0.000697171717171717,0.00032422222222222216,0.0010593989898989898,0.2596174329519272
2,policy,high,0.0036498989898989895,0.0028246262626262625,0.004437449494949496,0.2596174329519272
2,dynamics,low,-0.0012036363636363638,-0.0016933636363636367,-0.0007066363636363635,0.2596174329519272
2,dynamics,high,-0.0035963636363636354,-0.00473150505050505,-0.002367232323232323,0.2596174329519272
3,observation,low,0.19921018181818181,0.19785034343434346,0.20059563636363636,0.2359881475567818
3,observation,high,0.263637898989899,0.26240655757575754,0.2648512505050505,0.2359881475567818
3,policy,low,0.0013040404040404038,0.000893939393939394,0.0016806464646464646,0.2359881475567818
3,policy,high,0.0027359595959595955,0.0018302020202020197,0.003562166666666667,0.2359881475567818
3,dynamics,low,-0.0014775757575757574,-0.0019571818181818175,-0.001028828282828284,0.2359881475567818
3,dynamics,high,-0.0042016161616161615,-0.005407838383838383,-0.0030194848484848495,0.2359881475567818
4,observation,low,0.19927490909090909,0.1978966929292929,0.20065353737373737,0.23815410584211347
4,observation,high,0.26326941414141414,0.26205423636363634,0.26444233939393935,0.23815410584211347
4,policy,low,0.000972121212121212,0.0005925252525252527,0.001340616161616162,0.23815410584211347
4,policy,high,0.0032959595959595957,0.0024577222222222227,0.004121707070707071,0.23815410584211347
4,dynamics,low,-0.0013862626262626267,-0.0018813030303030302,-0.0008900505050505056,0.23815410584211347
4,dynamics,high,-0.0031907070707070714,-0.004404242424242424,-0.0019295555555555563,0.23815410584211347
