env,mechanism,intensity,n,ate_mean,p_raw,p_holm
hopper,dynamics,high,10,-0.0044518787878787295,0.001953125,0.0234375
hopper,dynamics,low,10,-0.00113482828282825,0.00390625,0.0234375
hopper,observation,high,10,0.2658764282828282,0.001953125,0.0234375
hopper,observation,low,10,0.20125031111111108,0.001953125,0.0234375
hopper,policy,high,10,0.00246517171717166,0.001953125,0.0234375
hopper,policy,low,10,0.0008560808080807699,0.001953125,0.0234375
walker2d,dynamics,high,10,-0.01194483660130715,0.001953125,0.0234375
walker2d,dynamics,low,10,-0.00177877124183001,0.001953125,0.0234375
walker2d,observation,high,10,0.15267659084967314,0.001953125,0.0234375
walker2d,observation,low,10,0.07749429542483657,0.001953125,0.0234375
walker2d,policy,high,10,0.006296941176470542,0.001953125,0.0234375
walker2d,policy,low,10,0.0048581307189541996,0.001953125,0.0234375
