seed,condition,effect,mechanism,intensity
0,dynamics_high,-0.0247668686868686,dynamics,high
1,dynamics_high,-0.0212456565656565,dynamics,high
2,dynamics_high,-0.0259498989898989,dynamics,high
3,dynamics_high,-0.025420606060606,dynamics,high
4,dynamics_high,-0.0266751515151515,dynamics,high
0,dynamics_low,-0.0061850505050505,dynamics,low
1,dynamics_low,-0.0052193939393939,dynamics,low
2,dynamics_low,-0.0058250505050505,dynamics,low
3,dynamics_low,-0.0066436363636363,dynamics,low
4,dynamics_low,-0.0057737373737373,dynamics,low
0,observation_high,0.0511161212121212,observation,high
1,observation_high,0.0284683636363636,observation,high
2,observation_high,0.0527372929292929,observation,high
3,observation_high,0.0365468282828282,observation,high
4,observation_high,0.0435785858585858,observation,high
0,observation_low,-0.0506015353535353,observation,low
1,observation_low,-0.0744618181818181,observation,low
2,observation_low,-0.0475585454545454,observation,low
3,observation_low,-0.0634817777777777,observation,low
4,observation_low,-0.0578074343434343,observation,low
0,policy_high,0.004770909090909,policy,high
1,policy_high,-0.0008943434343434,policy,high
2,policy_high,0.005780606060606,policy,high
3,policy_high,0.0016525252525252,policy,high
4,policy_high,0.0054347474747474,policy,high
0,policy_low,0.0003868686868686,policy,low
1,policy_low,-0.001030707070707,policy,low
2,policy_low,0.0013878787878787,policy,low
3,policy_low,-4.868686868686969e-05,policy,low
4,policy_low,0.0004981818181818,policy,low
