seed,condition,level,signed_cov
0,baseline,0.1,0.12775636363636364
0,baseline,0.2,0.23684363636363637
0,baseline,0.3,0.31209090909090914
0,baseline,0.4,0.34729818181818184
0,baseline,0.5,0.3429854545454546
0,baseline,0.6,0.30359272727272735
0,baseline,0.7,0.24094181818181826
0,baseline,0.8,0.16524363636363637
0,baseline,0.9,0.08162545454545456
0,observation_low,0.1,-0.03990545454545455
0,observation_low,0.2,-0.08028363636363638
0,observation_low,0.3,-0.11991636363636363
0,observation_low,0.4,-0.15727636363636366
0,observation_low,0.5,-0.19279272727272728
0,observation_low,0.6,-0.2257854545454545
0,observation_low,0.7,-0.2544072727272727
0,observation_low,0.8,-0.2744218181818182
0,observation_low,0.9,-0.27681818181818185
0,observation_high,0.1,-0.06470545454545455
0,observation_high,0.2,-0.12853090909090908
0,observation_high,0.3,-0.19168
0,observation_high,0.4,-0.2531018181818182
0,observation_high,0.5,-0.3118254545454545
0,observation_high,0.6,-0.36770545454545456
0,observation_high,0.7,-0.41853818181818175
0,observation_high,0.8,-0.4617563636363637
0,observation_high,0.9,-0.4858145454545455
0,policy_low,0.1,0.12992727272727272
0,policy_low,0.2,0.24121818181818183
0,policy_low,0.3,0.31714545454545456
0,policy_low,0.4,0.35153636363636365
0,policy_low,0.5,0.3431363636363637
0,policy_low,0.6,0.3034545454545454
0,policy_low,0.7,0.23905454545454552
0,policy_low,0.8,0.161590909090909
0,policy_low,0.9,0.0782272727272727
0,policy_high,0.1,0.13348181818181817
0,policy_high,0.2,0.2459909090909091
0,policy_high,0.3,0.3246909090909091
0,policy_high,0.4,0.36014545454545455
0,policy_high,0.5,0.35106363636363636
0,policy_high,0.6,0.30803636363636366
0,policy_high,0.7,0.2429181818181818
0,policy_high,0.8,0.1645545454545454
0,policy_high,0.9,0.08004545454545453
0,dynamics_low,0.1,0.12334545454545454
0,dynamics_low,0.2,0.2305272727272727
0,dynamics_low,0.3,0.30018181818181816
0,dynamics_low,0.4,0.3346
0,dynamics_low,0.5,0.32998181818181815
0,dynamics_low,0.6,0.2929272727272727
0,dynamics_low,0.7,0.23290909090909095
0,dynamics_low,0.8,0.15759999999999996
0,dynamics_low,0.9,0.07643636363636364
0,dynamics_high,0.1,0.10758181818181817
0,dynamics_high,0.2,0.20367272727272728
0,dynamics_high,0.3,0.26869090909090915
0,dynamics_high,0.4,0.3031636363636363
0,dynamics_high,0.5,0.30198181818181813
0,dynamics_high,0.6,0.26961818181818187
0,dynamics_high,0.7,0.2155272727272728
0,dynamics_high,0.8,0.1464545454545454
0,dynamics_high,0.9,0.06994545454545453
1,baseline,0.1,0.16022545454545453
1,baseline,0.2,0.28596
1,baseline,0.3,0.3633345454545455
1,baseline,0.4,0.38805818181818175
1,baseline,0.5,0.3674581818181818
1,baseline,0.6,0.3184472727272728
1,baseline,0.7,0.24945454545454548
1,baseline,0.8,0.16968363636363637
1,baseline,0.9,0.08421454545454543
1,observation_low,0.1,-0.03998909090909091
1,observation_low,0.2,-0.07916000000000001
1,observation_low,0.3,-0.11698545454545453
1,observation_low,0.4,-0.1537527272727273
1,observation_low,0.5,-0.18932727272727273
1,observation_low,0.6,-0.22227272727272723
1,observation_low,0.7,-0.2509454545454545
1,observation_low,0.8,-0.27203636363636363
1,observation_low,0.9,-0.2730981818181818
1,observation_high,0.1,-0.06403272727272727
1,observation_high,0.2,-0.12772727272727274
1,observation_high,0.3,-0.19039999999999999
1,observation_high,0.4,-0.25205818181818185
1,observation_high,0.5,-0.31116727272727274
1,observation_high,0.6,-0.36678181818181815
1,observation_high,0.7,-0.4178945454545454
1,observation_high,0.8,-0.46051636363636367
1,observation_high,0.9,-0.48461454545454546
1,policy_low,0.1,0.1579
1,policy_low,0.2,0.28647272727272727
1,policy_low,0.3,0.36219090909090906
1,policy_low,0.4,0.3853545454545454
1,policy_low,0.5,0.3646454545454545
1,policy_low,0.6,0.3148909090909091
1,policy_low,0.7,0.2461363636363637
1,policy_low,0.8,0.16637272727272723
1,policy_low,0.9,0.08141818181818183
1,policy_high,0.1,0.15919090909090908
1,policy_high,0.2,0.28614545454545454
1,policy_high,0.3,0.3633818181818182
1,policy_high,0.4,0.3855090909090909
1,policy_high,0.5,0.3656454545454545
1,policy_high,0.6,0.3151454545454546
1,policy_high,0.7,0.24546363636363644
1,policy_high,0.8,0.16579999999999995
1,policy_high,0.9,0.08214545454545452
1,dynamics_low,0.1,0.1600909090909091
1,dynamics_low,0.2,0.2811272727272727
1,dynamics_low,0.3,0.35454545454545455
1,dynamics_low,0.4,0.3774545454545455
1,dynamics_low,0.5,0.35594545454545456
1,dynamics_low,0.6,0.3088181818181819
1,dynamics_low,0.7,0.24107272727272733
1,dynamics_low,0.8,0.16350909090909083
1,dynamics_low,0.9,0.08010909090909091
1,dynamics_high,0.1,0.1505272727272727
1,dynamics_high,0.2,0.26425454545454546
1,dynamics_high,0.3,0.3314
1,dynamics_high,0.4,0.35061818181818183
1,dynamics_high,0.5,0.3318909090909091
1,dynamics_high,0.6,0.2881636363636364
1,dynamics_high,0.7,0.22589090909090914
1,dynamics_high,0.8,0.15274545454545452
1,dynamics_high,0.9,0.07394545454545454
2,baseline,0.1,0.1298109090909091
2,baseline,0.2,0.23871272727272724
2,baseline,0.3,0.3139018181818182
2,baseline,0.4,0.34602909090909084
2,baseline,0.5,0.3387345454545454
2,baseline,0.6,0.30103272727272734
2,baseline,0.7,0.24025090909090918
2,baseline,0.8,0.1657599999999999
2,baseline,0.9,0.08287636363636364
2,observation_low,0.1,-0.04098181818181819
2,observation_low,0.2,-0.08157818181818183
2,observation_low,0.3,-0.12147999999999998
2,observation_low,0.4,-0.15989454545454548
2,observation_low,0.5,-0.1956327272727273
2,observation_low,0.6,-0.22819999999999996
2,observation_low,0.7,-0.25814181818181814
2,observation_low,0.8,-0.27962909090909094
2,observation_low,0.9,-0.28271636363636365
2,observation_high,0.1,-0.06471636363636364
2,observation_high,0.2,-0.12906545454545454
2,observation_high,0.3,-0.19207636363636363
2,observation_high,0.4,-0.25367272727272727
2,observation_high,0.5,-0.3130690909090909
2,observation_high,0.6,-0.36995999999999996
2,observation_high,0.7,-0.42127999999999993
2,observation_high,0.8,-0.4645781818181819
2,observation_high,0.9,-0.48882545454545456
2,policy_low,0.1,0.13214545454545454
2,policy_low,0.2,0.24083636363636363
2,policy_low,0.3,0.31375454545454545
2,policy_low,0.4,0.34402727272727274
2,policy_low,0.5,0.33559090909090905
2,policy_low,0.6,0.2967363636363637
2,policy_low,0.7,0.23482727272727277
2,policy_low,0.8,0.16083636363636356
2,policy_low,0.9,0.07888181818181816
2,policy_high,0.1,0.13779090909090908
2,policy_high,0.2,0.25089090909090905
2,policy_high,0.3,0.32207272727272723
2,policy_high,0.4,0.3506272727272727
2,policy_high,0.5,0.34192727272727275
2,policy_high,0.6,0.30023636363636363
2,policy_high,0.7,0.23820909090909093
2,policy_high,0.8,0.16297272727272727
2,policy_high,0.9,0.08145454545454545
2,dynamics_low,0.1,0.12525454545454545
2,dynamics_low,0.2,0.2308909090909091
2,dynamics_low,0.3,0.3067636363636364
2,dynamics_low,0.4,0.33798181818181816
2,dynamics_low,0.5,0.33121818181818186
2,dynamics_low,0.6,0.29452727272727275
2,dynamics_low,0.7,0.23370909090909098
2,dynamics_low,0.8,0.16136363636363626
2,dynamics_low,0.9,0.0798363636363636
2,dynamics_high,0.1,0.1096
2,dynamics_high,0.2,0.20314545454545452
2,dynamics_high,0.3,0.27167272727272723
2,dynamics_high,0.4,0.3034181818181818
2,dynamics_high,0.5,0.30221818181818183
2,dynamics_high,0.6,0.2697090909090909
2,dynamics_high,0.7,0.21472727272727277
2,dynamics_high,0.8,0.14783636363636354
2,dynamics_high,0.9,0.07154545454545458
3,baseline,0.1,0.14623636363636364
3,baseline,0.2,0.2641636363636364
3,baseline,0.3,0.3403890909090909
3,baseline,0.4,0.36941818181818176
3,baseline,0.5,0.35696000000000006
3,baseline,0.6,0.31225090909090913
3,baseline,0.7,0.24696363636363639
3,baseline,0.8,0.1697090909090908
3,baseline,0.9,0.08481454545454548
3,observation_low,0.1,-0.03974181818181819
3,observation_low,0.2,-0.0794109090909091
3,observation_low,0.3,-0.118
3,observation_low,0.4,-0.1553309090909091
3,observation_low,0.5,-0.19091999999999998
3,observation_low,0.6,-0.22496
3,observation_low,0.7,-0.25359999999999994
3,observation_low,0.8,-0.2754072727272727
3,observation_low,0.9,-0.2805163636363637
3,observation_high,0.1,-0.06409454545454546
3,observation_high,0.2,-0.1273127272727273
3,observation_high,0.3,-0.1900290909090909
3,observation_high,0.4,-0.2505963636363636
3,observation_high,0.5,-0.30888363636363636
3,observation_high,0.6,-0.3646836363636363
3,observation_high,0.7,-0.4168763636363636
3,observation_high,0.8,-0.4604145454545455
3,observation_high,0.9,-0.48494909090909094
3,policy_low,0.1,0.1438909090909091
3,policy_low,0.2,0.265
3,policy_low,0.3,0.3399090909090909
3,policy_low,0.4,0.3676090909090909
3,policy_low,0.5,0.35324545454545453
3,policy_low,0.6,0.3080272727272727
3,policy_low,0.7,0.24263636363636365
3,policy_low,0.8,0.1649090909090909
3,policy_low,0.9,0.08150000000000002
3,policy_high,0.1,0.1462
3,policy_high,0.2,0.26607272727272724
3,policy_high,0.3,0.34291818181818184
3,policy_high,0.4,0.37120909090909093
3,policy_high,0.5,0.3560727272727273
3,policy_high,0.6,0.31050909090909096
3,policy_high,0.7,0.24405454545454552
3,policy_high,0.8,0.16639090909090903
3,policy_high,0.9,0.08273636363636361
3,dynamics_low,0.1,0.1411272727272727
3,dynamics_low,0.2,0.25532727272727274
3,dynamics_low,0.3,0.33109090909090905
3,dynamics_low,0.4,0.35863636363636364
3,dynamics_low,0.5,0.34747272727272727
3,dynamics_low,0.6,0.30549090909090915
3,dynamics_low,0.7,0.24160000000000004
3,dynamics_low,0.8,0.16614545454545449
3,dynamics_low,0.9,0.08149090909090906
3,dynamics_high,0.1,0.12625454545454545
3,dynamics_high,0.2,0.23136363636363633
3,dynamics_high,0.3,0.30140000000000006
3,dynamics_high,0.4,0.3290727272727273
3,dynamics_high,0.5,0.3193818181818182
3,dynamics_high,0.6,0.28278181818181825
3,dynamics_high,0.7,0.22532727272727282
3,dynamics_high,0.8,0.153490909090909
3,dynamics_high,0.9,0.0748545454545454
4,baseline,0.1,0.1423090909090909
4,baseline,0.2,0.2610290909090909
4,baseline,0.3,0.3379418181818182
4,baseline,0.4,0.36777454545454547
4,baseline,0.5,0.35524
4,baseline,0.6,0.31062909090909097
4,baseline,0.7,0.2453236363636364
4,baseline,0.8,0.16868363636363637
4,baseline,0.9,0.08452363636363636
4,observation_low,0.1,-0.041392727272727275
4,observation_low,0.2,-0.08328
4,observation_low,0.3,-0.1235090909090909
4,observation_low,0.4,-0.16209454545454546
4,observation_low,0.5,-0.19815636363636363
4,observation_low,0.6,-0.23249818181818177
4,observation_low,0.7,-0.26231636363636357
4,observation_low,0.8,-0.2832145454545455
4,observation_low,0.9,-0.28663272727272726
4,observation_high,0.1,-0.06477818181818182
4,observation_high,0.2,-0.12996000000000002
4,observation_high,0.3,-0.19354545454545452
4,observation_high,0.4,-0.2553127272727273
4,observation_high,0.5,-0.3162327272727273
4,observation_high,0.6,-0.37362181818181817
4,observation_high,0.7,-0.4260145454545454
4,observation_high,0.8,-0.4695127272727273
4,observation_high,0.9,-0.4946727272727273
4,policy_low,0.1,0.14493636363636364
4,policy_low,0.2,0.26589999999999997
4,policy_low,0.3,0.34105454545454544
4,policy_low,0.4,0.36879090909090906
4,policy_low,0.5,0.3516
4,policy_low,0.6,0.3070454545454546
4,policy_low,0.7,0.24110909090909094
4,policy_low,0.8,0.16419090909090905
4,policy_low,0.9,0.08103636363636357
4,policy_high,0.1,0.15112727272727275
4,policy_high,0.2,0.2738
4,policy_high,0.3,0.35064545454545454
4,policy_high,0.4,0.3755636363636363
4,policy_high,0.5,0.3587
4,policy_high,0.6,0.3120909090909091
4,policy_high,0.7,0.24480000000000002
4,policy_high,0.8,0.1670636363636363
4,policy_high,0.9,0.08312727272727272
4,dynamics_low,0.1,0.13921818181818182
4,dynamics_low,0.2,0.2531090909090909
4,dynamics_low,0.3,0.32812727272727277
4,dynamics_low,0.4,0.3593454545454545
4,dynamics_low,0.5,0.347
4,dynamics_low,0.6,0.3021818181818182
4,dynamics_low,0.7,0.2382909090909091
4,dynamics_low,0.8,0.16265454545454539
4,dynamics_low,0.9,0.08049090909090906
4,dynamics_high,0.1,0.1215090909090909
4,dynamics_high,0.2,0.22303636363636364
4,dynamics_high,0.3,0.29089090909090914
4,dynamics_high,0.4,0.32278181818181817
4,dynamics_high,0.5,0.31699999999999995
4,dynamics_high,0.6,0.2787090909090909
4,dynamics_high,0.7,0.2210727272727273
4,dynamics_high,0.8,0.15018181818181808
4,dynamics_high,0.9,0.07281818181818178
