seed,mechanism,intensity,level,signed_cov
0,observation,low,0.1,-0.0050117647058823545
0,observation,low,0.2,-0.011209411764705884
0,observation,low,0.3,-0.02008470588235295
0,observation,low,0.4,-0.033054117647058845
0,observation,low,0.5,-0.04988235294117649
0,observation,low,0.6,-0.07024235294117642
0,observation,low,0.7,-0.09404470588235292
0,observation,low,0.8,-0.11704000000000003
0,observation,low,0.9,-0.13250117647058823
0,observation,high,0.1,-0.03282588235294118
0,observation,high,0.2,-0.06638823529411766
0,observation,high,0.3,-0.10027764705882353
0,observation,high,0.4,-0.13483764705882356
0,observation,high,0.5,-0.17089647058823532
0,observation,high,0.6,-0.20618588235294116
0,observation,high,0.7,-0.23969882352941174
0,observation,high,0.8,-0.2695976470588236
0,observation,high,0.9,-0.28739294117647063
0,policy,low,0.1,0.12669411764705882
0,policy,low,0.2,0.22802352941176468
0,policy,low,0.3,0.29229411764705887
0,policy,low,0.4,0.3148764705882353
0,policy,low,0.5,0.3024117647058824
0,policy,low,0.6,0.2636764705882353
0,policy,low,0.7,0.20715294117647065
0,policy,low,0.8,0.1402941176470588
0,policy,low,0.9,0.06729411764705884
0,policy,high,0.1,0.129
0,policy,high,0.2,0.2358235294117647
0,policy,high,0.3,0.30262941176470587
0,policy,high,0.4,0.32861764705882346
0,policy,high,0.5,0.31832941176470586
0,policy,high,0.6,0.27994705882352944
0,policy,high,0.7,0.22286470588235296
0,policy,high,0.8,0.15311176470588228
0,policy,high,0.9,0.0764058823529411
0,dynamics,low,0.1,0.11678823529411764
0,dynamics,low,0.2,0.21011764705882352
0,dynamics,low,0.3,0.272564705882353
0,dynamics,low,0.4,0.29490588235294113
0,dynamics,low,0.5,0.2850117647058823
0,dynamics,low,0.6,0.24940000000000007
0,dynamics,low,0.7,0.19570588235294117
0,dynamics,low,0.8,0.13159999999999994
0,dynamics,low,0.9,0.060988235294117676
0,dynamics,high,0.1,0.10295294117647058
0,dynamics,high,0.2,0.1864941176470588
0,dynamics,high,0.3,0.2415882352941176
0,dynamics,high,0.4,0.2622
0,dynamics,high,0.5,0.25212941176470594
0,dynamics,high,0.6,0.22018823529411768
0,dynamics,high,0.7,0.17161176470588235
0,dynamics,high,0.8,0.11322352941176461
0,dynamics,high,0.9,0.04950588235294118
1,observation,low,0.1,-0.0029647058823529526
1,observation,low,0.2,-0.008345882352941175
1,observation,low,0.3,-0.01675294117647058
1,observation,low,0.4,-0.028169411764705887
1,observation,low,0.5,-0.04411294117647058
1,observation,low,0.6,-0.06467999999999996
1,observation,low,0.7,-0.08898588235294114
1,observation,low,0.8,-0.11230588235294126
1,observation,low,0.9,-0.12870823529411768
1,observation,high,0.1,-0.03259764705882354
1,observation,high,0.2,-0.06494117647058825
1,observation,high,0.3,-0.09744705882352941
1,observation,high,0.4,-0.1318329411764706
1,observation,high,0.5,-0.1666988235294118
1,observation,high,0.6,-0.20175294117647058
1,observation,high,0.7,-0.23575764705882346
1,observation,high,0.8,-0.26606117647058825
1,observation,high,0.9,-0.28272235294117654
1,policy,low,0.1,0.10682941176470587
1,policy,low,0.2,0.19539999999999996
1,policy,low,0.3,0.2564
1,policy,low,0.4,0.2831117647058823
1,policy,low,0.5,0.27980000000000005
1,policy,low,0.6,0.24987647058823537
1,policy,low,0.7,0.20078235294117652
1,policy,low,0.8,0.13673529411764707
1,policy,low,0.9,0.06418235294117647
1,policy,high,0.1,0.11151176470588234
1,policy,high,0.2,0.20594705882352943
1,policy,high,0.3,0.2738
1,policy,high,0.4,0.30379999999999996
1,policy,high,0.5,0.29961764705882354
1,policy,high,0.6,0.26750000000000007
1,policy,high,0.7,0.21605882352941186
1,policy,high,0.8,0.1494823529411764
1,policy,high,0.9,0.07445294117647061
1,dynamics,low,0.1,0.09736470588235294
1,dynamics,low,0.2,0.17922352941176467
1,dynamics,low,0.3,0.2356941176470589
1,dynamics,low,0.4,0.26250588235294114
1,dynamics,low,0.5,0.26274117647058826
1,dynamics,low,0.6,0.23657647058823528
1,dynamics,low,0.7,0.18963529411764712
1,dynamics,low,0.8,0.12819999999999998
1,dynamics,low,0.9,0.05991764705882352
1,dynamics,high,0.1,0.08358823529411763
1,dynamics,high,0.2,0.15565882352941174
1,dynamics,high,0.3,0.2046705882352941
1,dynamics,high,0.4,0.22874117647058823
1,dynamics,high,0.5,0.22885882352941178
1,dynamics,high,0.6,0.20443529411764705
1,dynamics,high,0.7,0.16204705882352943
1,dynamics,high,0.8,0.10734117647058816
1,dynamics,high,0.9,0.04608235294117646
2,observation,low,0.1,-0.004465882352941181
2,observation,low,0.2,-0.010044705882352956
2,observation,low,0.3,-0.018320000000000003
2,observation,low,0.4,-0.03100235294117648
2,observation,low,0.5,-0.04812235294117645
2,observation,low,0.6,-0.06871058823529408
2,observation,low,0.7,-0.09171764705882346
2,observation,low,0.8,-0.11396000000000006
2,observation,low,0.9,-0.12962588235294115
2,observation,high,0.1,-0.03223058823529412
2,observation,high,0.2,-0.06496470588235295
2,observation,high,0.3,-0.09815764705882352
2,observation,high,0.4,-0.13284941176470588
2,observation,high,0.5,-0.16840470588235296
2,observation,high,0.6,-0.20364941176470586
2,observation,high,0.7,-0.23834352941176468
2,observation,high,0.8,-0.26827058823529415
2,observation,high,0.9,-0.28531764705882356
2,policy,low,0.1,0.11851764705882353
2,policy,low,0.2,0.21767058823529412
2,policy,low,0.3,0.28202352941176473
2,policy,low,0.4,0.3083941176470588
2,policy,low,0.5,0.29912941176470587
2,policy,low,0.6,0.2625352941176471
2,policy,low,0.7,0.20695294117647067
2,policy,low,0.8,0.1403823529411764
2,policy,low,0.9,0.06730000000000003
2,policy,high,0.1,0.13028235294117646
2,policy,high,0.2,0.23295294117647058
2,policy,high,0.3,0.30124705882352937
2,policy,high,0.4,0.32815294117647054
2,policy,high,0.5,0.3170352941176471
2,policy,high,0.6,0.28002941176470586
2,policy,high,0.7,0.22320000000000007
2,policy,high,0.8,0.15459411764705877
2,policy,high,0.9,0.07705294117647055
2,dynamics,low,0.1,0.1048705882352941
2,dynamics,low,0.2,0.19561176470588232
2,dynamics,low,0.3,0.25782352941176473
2,dynamics,low,0.4,0.28484705882352934
2,dynamics,low,0.5,0.2786235294117647
2,dynamics,low,0.6,0.24652941176470589
2,dynamics,low,0.7,0.19391764705882353
2,dynamics,low,0.8,0.1306705882352941
2,dynamics,low,0.9,0.059705882352941164
2,dynamics,high,0.1,0.09339999999999998
2,dynamics,high,0.2,0.17362352941176468
2,dynamics,high,0.3,0.23010588235294122
2,dynamics,high,0.4,0.25387058823529407
2,dynamics,high,0.5,0.24822352941176473
2,dynamics,high,0.6,0.21734117647058826
2,dynamics,high,0.7,0.16927058823529417
2,dynamics,high,0.8,0.1106588235294117
2,dynamics,high,0.9,0.0473058823529412
3,observation,low,0.1,-0.0052635294117647086
3,observation,low,0.2,-0.012760000000000021
3,observation,low,0.3,-0.0225035294117647
3,observation,low,0.4,-0.03500000000000003
3,observation,low,0.5,-0.05211529411764704
3,observation,low,0.6,-0.07343294117647059
3,observation,low,0.7,-0.0962494117647058
3,observation,low,0.8,-0.11944470588235301
3,observation,low,0.9,-0.13510823529411764
3,observation,high,0.1,-0.03351294117647059
3,observation,high,0.2,-0.06750352941176471
3,observation,high,0.3,-0.10111294117647057
3,observation,high,0.4,-0.1365294117647059
3,observation,high,0.5,-0.17199764705882353
3,observation,high,0.6,-0.2079247058823529
3,observation,high,0.7,-0.24258588235294115
3,observation,high,0.8,-0.2726023529411765
3,observation,high,0.9,-0.2905317647058824
3,policy,low,0.1,0.12201176470588235
3,policy,low,0.2,0.22404705882352938
3,policy,low,0.3,0.28844705882352945
3,policy,low,0.4,0.3129352941176471
3,policy,low,0.5,0.300535294117647
3,policy,low,0.6,0.2613
3,policy,low,0.7,0.20539411764705884
3,policy,low,0.8,0.1389117647058823
3,policy,low,0.9,0.06559999999999999
3,policy,high,0.1,0.12695882352941176
3,policy,high,0.2,0.22999999999999998
3,policy,high,0.3,0.29954705882352944
3,policy,high,0.4,0.32777058823529415
3,policy,high,0.5,0.31614117647058826
3,policy,high,0.6,0.2773058823529412
3,policy,high,0.7,0.22082941176470594
3,policy,high,0.8,0.15249411764705878
3,policy,high,0.9,0.07595294117647056
3,dynamics,low,0.1,0.11079999999999998
3,dynamics,low,0.2,0.20428235294117647
3,dynamics,low,0.3,0.2676470588235294
3,dynamics,low,0.4,0.2913058823529412
3,dynamics,low,0.5,0.28265882352941174
3,dynamics,low,0.6,0.24717647058823533
3,dynamics,low,0.7,0.19368235294117653
3,dynamics,low,0.8,0.13015294117647058
3,dynamics,low,0.9,0.05977647058823532
3,dynamics,high,0.1,0.09919999999999998
3,dynamics,high,0.2,0.18438823529411763
3,dynamics,high,0.3,0.2394
3,dynamics,high,0.4,0.2592470588235294
3,dynamics,high,0.5,0.24989411764705882
3,dynamics,high,0.6,0.21662352941176477
3,dynamics,high,0.7,0.16701176470588242
3,dynamics,high,0.8,0.1086117647058823
3,dynamics,high,0.9,0.046788235294117575
4,observation,low,0.1,-0.005058823529411768
4,observation,low,0.2,-0.011717647058823527
4,observation,low,0.3,-0.02063529411764703
4,observation,low,0.4,-0.03273647058823531
4,observation,low,0.5,-0.04914588235294115
4,observation,low,0.6,-0.06958117647058826
4,observation,low,0.7,-0.09177176470588233
4,observation,low,0.8,-0.11337882352941175
4,observation,low,0.9,-0.12697176470588234
4,observation,high,0.1,-0.033623529411764705
4,observation,high,0.2,-0.06655764705882353
4,observation,high,0.3,-0.09966588235294116
4,observation,high,0.4,-0.13450117647058824
4,observation,high,0.5,-0.17001647058823527
4,observation,high,0.6,-0.20502823529411762
4,observation,high,0.7,-0.23927058823529407
4,observation,high,0.8,-0.2687129411764706
4,observation,high,0.9,-0.28596705882352946
4,policy,low,0.1,0.13141176470588234
4,policy,low,0.2,0.23855294117647058
4,policy,low,0.3,0.3028529411764706
4,policy,low,0.4,0.3226117647058824
4,policy,low,0.5,0.3050647058823529
4,policy,low,0.6,0.2622470588235294
4,policy,low,0.7,0.20482941176470593
4,policy,low,0.8,0.13845882352941175
4,policy,low,0.9,0.06541764705882347
4,policy,high,0.1,0.1358470588235294
4,policy,high,0.2,0.24589411764705882
4,policy,high,0.3,0.3123235294117647
4,policy,high,0.4,0.3361764705882353
4,policy,high,0.5,0.32095294117647055
4,policy,high,0.6,0.27974705882352946
4,policy,high,0.7,0.22136470588235302
4,policy,high,0.8,0.15231764705882345
4,policy,high,0.9,0.07530588235294111
4,dynamics,low,0.1,0.12398823529411765
4,dynamics,low,0.2,0.22711764705882354
4,dynamics,low,0.3,0.28977647058823536
4,dynamics,low,0.4,0.3093176470588235
4,dynamics,low,0.5,0.29365882352941175
4,dynamics,low,0.6,0.2521882352941177
4,dynamics,low,0.7,0.19647058823529417
4,dynamics,low,0.8,0.13134117647058818
4,dynamics,low,0.9,0.06072941176470581
4,dynamics,high,0.1,0.1111764705882353
4,dynamics,high,0.2,0.20497647058823526
4,dynamics,high,0.3,0.2605176470588236
4,dynamics,high,0.4,0.277435294117647
4,dynamics,high,0.5,0.26111764705882357
4,dynamics,high,0.6,0.22149411764705884
4,dynamics,high,0.7,0.1695411764705883
4,dynamics,high,0.8,0.11062352941176468
4,dynamics,high,0.9,0.047847058823529354
