seed,mechanism,intensity,ate,ci_low,ci_high,p_value,alpha,n_pairs
0,observation,low,-0.09865856209150327,-0.10004100915032682,-0.09725943921568628,0.0001999600079984003,0.3714769929647445,25000
0,observation,high,-0.03400752941176471,-0.035653780392156866,-0.03237126928104575,0.0001999600079984003,0.3714769929647445,25000
0,policy,low,0.00972797385620915,0.009382856209150326,0.01006722222222222,0.0001999600079984003,0.3714769929647445,10000
0,policy,high,0.018269542483660133,0.01735526470588235,0.019168777777777778,0.0001999600079984003,0.3714769929647445,10000
0,dynamics,low,-0.002348235294117647,-0.0026784379084967324,-0.0020023333333333334,0.0003332222592469177,0.3714769929647445,5000
0,dynamics,high,-0.023752418300653597,-0.024827856209150328,-0.02266449019607843,0.0003332222592469177,0.3714769929647445,5000
1,observation,low,-0.08646572549019607,-0.08781264836601307,-0.08512259869281046,0.0001999600079984003,0.3868625313043595,25000
1,observation,high,-0.02226677124183007,-0.023858124183006535,-0.020655360784313723,0.0001999600079984003,0.3868625313043595,25000
1,policy,low,0.008483790849673203,0.008155683006535948,0.008810196078431372,0.0001999600079984003,0.3868625313043595,10000
1,policy,high,0.019429281045751635,0.018553983660130717,0.020281349673202616,0.0001999600079984003,0.3868625313043595,10000
1,dynamics,low,-0.0038575163398692817,-0.004189026143790852,-0.0035178758169934652,0.0003332222592469177,0.3868625313043595,5000
1,dynamics,high,-0.025702745098039215,-0.026852555555555553,-0.024641450980392155,0.0003332222592469177,0.3868625313043595,5000
2,observation,low,-0.09545385620915033,-0.09690068627450982,-0.09399143267973856,0.0001999600079984003,0.37083970010280604,25000
2,observation,high,-0.03216324183006535,-0.03376796601307189,-0.030544456209150327,0.0001999600079984003,0.37083970010280604,25000
2,policy,low,0.010207058823529411,0.009871869281045751,0.010531375816993465,0.0001999600079984003,0.37083970010280604,10000
2,policy,high,0.02262901960784314,0.02171476797385621,0.02355738888888889,0.0001999600079984003,0.37083970010280604,10000
2,dynamics,low,-0.002636862745098039,-0.002989300653594771,-0.0022901830065359475,0.0003332222592469177,0.37083970010280604,5000
2,dynamics,high,-0.02282718954248366,-0.02391460130718954,-0.021752111111111107,0.0003332222592469177,0.37083970010280604,5000
3,observation,low,-0.09831450980392158,-0.09976198431372549,-0.0969076954248366,0.0001999600079984003,0.3618657141923905,25000
3,observation,high,-0.03268538562091503,-0.03429844575163399,-0.03106668627450981,0.0001999600079984003,0.3618657141923905,25000
3,policy,low,0.00991921568627451,0.009575529411764707,0.010247222222222222,0.0001999600079984003,0.3618657141923905,10000
3,policy,high,0.018523790849673205,0.017636977124183006,0.019381738562091504,0.0001999600079984003,0.3618657141923905,10000
3,dynamics,low,-0.0032538562091503267,-0.0035995555555555555,-0.002919411764705882,0.0003332222592469177,0.3618657141923905,5000
3,dynamics,high,-0.024200784313725493,-0.025329183006535944,-0.023161189542483657,0.0003332222592469177,0.3618657141923905,5000
4,observation,low,-0.10556292810457515,-0.10694962614379085,-0.10414637647058825,0.0001999600079984003,0.37155486643314367,25000
4,observation,high,-0.04166724183006535,-0.04324069542483659,-0.04003060784313725,0.0001999600079984003,0.37155486643314367,25000
4,policy,low,0.009164313725490196,0.008838124183006536,0.009487598039215684,0.0001999600079984003,0.37155486643314367,10000
4,policy,high,0.018151372549019607,0.01727058496732026,0.01901872875816993,0.0001999600079984003,0.37155486643314367,10000
4,dynamics,low,-0.0027092810457516343,-0.0030805294117647064,-0.002366254901960784,0.0003332222592469177,0.37155486643314367,5000
4,dynamics,high,-0.02386065359477124,-0.02504762745098039,-0.022744052287581702,0.0003332222592469177,0.37155486643314367,5000
