dimension,nll,crps,coverage_50,coverage_error_50,coverage_90,coverage_error_90
0,-5.558313618152963,0.00040321584321226385,0.9815358403809836,0.4815358403809836,0.9999384185893752,0.09993841858937513
1,-5.425600144519807,0.00045624056984893145,0.9840709417850398,0.48407094178503984,0.9991686509565646,0.09916865095656457
2,-5.531773007965429,0.00040573120084732916,0.9930002463256425,0.49300024632564254,0.999784465062813,0.09978446506281302
3,-5.28764561645761,0.0005175463993828157,0.9908346333853354,0.4908346333853354,0.9999897364315625,0.0999897364315625
4,-5.057906629634116,0.0008900071586090337,0.6216335495525084,0.12163354955250838,0.995412184908449,0.09541218490844894
5,-4.215156859372091,0.005178693720150171,0.8704737663190738,0.3704737663190738,0.9867907874209705,0.08679078742097046
6,-3.665886088934993,0.008746325068638126,0.7684949503243288,0.2684949503243288,0.9912554396912718,0.09125543969127181
7,-2.92294936815822,0.019592287763600724,0.8644593152147139,0.36445931521471386,0.98902824534034,0.08902824534033993
8,-3.187150981681797,0.012368990244532491,0.902198456359307,0.40219845635930696,0.9920765251662698,0.09207652516626974
9,-2.917975575998656,0.023112059127193114,0.8308974464241727,0.33089744642417274,0.9865034075047212,0.08650340750472119
10,-1.7288834565256521,0.06953433154178351,0.8406170457344609,0.34061704573446094,0.990177765005337,0.09017776500533703
