env,seed_idx,condition,calibration_error,nll,coverage_50,coverage_90,sharpness_50,sharpness_90,crps,ate,ci_low,ci_high,p_value_transition_level,n_pairs
hopper,0,baseline,0.23981979797979797,-2.7825677394866943,0.8429854545454546,0.9816254545454545,0.11613836139440536,0.28322240710258484,0.04090086140470354,,,,,
hopper,0,dynamics_high,0.20962626262626263,-2.728145122528076,0.8019818181818181,0.9699454545454546,0.11643499881029129,0.28394579887390137,0.044398716228689766,-0.024766868686868688,-0.026119626262626264,-0.023404737373737376,0.0003332222592469177,5000.0
hopper,0,dynamics_low,0.23094545454545448,-2.759359121322632,0.8299818181818182,0.9764363636363637,0.11643499881029129,0.28394579887390137,0.04340309187983564,-0.006185050505050505,-0.006965656565656565,-0.005405373737373738,0.0003332222592469177,5000.0
hopper,0,observation_high,0.2981842424242424,5.854320526123047,0.18817454545454543,0.4141854545454546,0.11853380501270294,0.28906407952308655,0.10365512307735111,0.05111612121212121,0.049490703030303035,0.05279564646464646,0.0001999600079984003,25000.0
hopper,0,observation_low,0.18017858585858587,-0.4138176441192627,0.3072072727272727,0.6231818181818182,0.11674612760543823,0.2847045660018921,0.06384169253766278,-0.050601535353535364,-0.05233463030303031,-0.048844082828282835,0.0001999600079984003,25000.0
hopper,0,policy_high,0.24565858585858585,-2.739309549331665,0.8510636363636365,0.9800454545454546,0.12101681530475616,0.2951192855834961,0.042716353573563466,0.00477090909090909,0.003905181818181818,0.005607686868686869,0.0001999600079984003,10000.0
hopper,0,policy_low,0.24058787878787877,-2.7570834159851074,0.8431363636363638,0.9782272727272726,0.1184396892786026,0.2888345420360565,0.042408343456720066,0.00038686868686868667,-0.00015879292929292952,0.0009168080808080809,0.15616876624675066,10000.0
hopper,1,baseline,0.2652040404040404,-2.8121280670166016,0.8674581818181818,0.9842145454545453,0.113634392619133,0.2771160900592804,0.03832934185012568,,,,,
hopper,1,dynamics_high,0.24104848484848487,-2.7584786415100098,0.8318909090909091,0.9739454545454546,0.11540521681308746,0.28143447637557983,0.04130505970998156,-0.021245656565656565,-0.022561929292929293,-0.019948212121212124,0.0003332222592469177,5000.0
hopper,1,dynamics_low,0.25807474747474757,-2.787446975708008,0.8559454545454547,0.980109090909091,0.11540521681308746,0.28143447637557983,0.040397874969630446,-0.005219393939393939,-0.006048525252525252,-0.004432272727272727,0.0003332222592469177,5000.0
hopper,1,observation_high,0.2972436363636364,5.835283279418945,0.1888327272727273,0.4153854545454546,0.11631139367818832,0.2836443781852722,0.10213625783370935,0.02846836363636364,0.02683141616161615,0.03015872727272727,0.0001999600079984003,25000.0
hopper,1,observation_low,0.17750747474747472,-0.44036921858787537,0.31067272727272727,0.6269018181818182,0.11434873938560486,0.27885809540748596,0.06152466528029823,-0.07446181818181818,-0.07621750303030303,-0.07269470101010102,0.0001999600079984003,25000.0
hopper,1,policy_high,0.2631585858585858,-2.7725465297698975,0.8656454545454544,0.9821454545454545,0.11553970724344254,0.2817625105381012,0.03961514467775489,-0.0008943434343434355,-0.0018512929292929308,8.061616161616098e-05,0.0665866826634673,10000.0
hopper,1,policy_low,0.26282020202020195,-2.798916816711426,0.8646454545454546,0.9814181818181816,0.11282049864530563,0.2751312553882599,0.0387673073750884,-0.0010307070707070711,-0.001615575757575758,-0.00044903535353535315,0.0013997200559888023,10000.0
hopper,2,baseline,0.2396787878787878,-2.798755645751953,0.8387345454545454,0.9828763636363637,0.1126953661441803,0.2748260498046875,0.038760041903198234,,,,,
hopper,2,dynamics_high,0.21043030303030305,-2.751173257827759,0.8022181818181818,0.9715454545454546,0.1129104420542717,0.27535054087638855,0.04103678439943101,-0.025949898989898985,-0.02729619191919192,-0.024669818181818185,0.0003332222592469177,5000.0
hopper,2,dynamics_low,0.23350505050505044,-2.7872188091278076,0.8312181818181817,0.9798363636363636,0.1129104420542717,0.27535054087638855,0.04004781085474989,-0.005825050505050506,-0.006547545454545454,-0.005104939393939395,0.0003332222592469177,5000.0
hopper,2,observation_high,0.2996937373737374,6.152815341949463,0.18693090909090906,0.4111745454545454,0.11551720649003983,0.2817075848579407,0.10350442218752431,0.052737292929292925,0.0511536606060606,0.05439982222222221,0.0001999600079984003,25000.0
hopper,2,observation_low,0.18313939393939394,-0.33706414699554443,0.30436727272727276,0.6172836363636364,0.11344776302576065,0.2766609191894531,0.0624369539212365,-0.04755854545454546,-0.04925797777777778,-0.045847313131313135,0.0001999600079984003,25000.0
hopper,2,policy_high,0.24290909090909096,-2.754727363586426,0.8419272727272726,0.9814545454545454,0.11750426888465881,0.28655338287353516,0.04137249426638641,0.00578060606060606,0.004926348484848484,0.006666868686868686,0.0001999600079984003,10000.0
hopper,2,policy_low,0.23751515151515154,-2.774641275405884,0.835590909090909,0.9788818181818182,0.11448600143194199,0.27919283509254456,0.04101077320532996,0.0013878787878787878,0.0008411868686868687,0.001900010101010101,0.0001999600079984003,10000.0
hopper,3,baseline,0.25454505050505055,-2.815474271774292,0.85696,0.9848145454545455,0.11575455218553543,0.2822864353656769,0.038730634855803955,,,,,
hopper,3,dynamics_high,0.22710303030303025,-2.7697696685791016,0.8193818181818181,0.9748545454545453,0.1162353903055191,0.28345900774002075,0.04083112781440833,-0.02542060606060606,-0.026734262626262627,-0.024145141414141418,0.0003332222592469177,5000.0
hopper,3,dynamics_low,0.2475979797979798,-2.8009891510009766,0.8474727272727273,0.9814909090909091,0.1162353903055191,0.28345900774002075,0.0398103142931677,-0.006643636363636364,-0.007417030303030303,-0.005915545454545454,0.0003332222592469177,5000.0
hopper,3,observation_high,0.2964266666666666,6.2961039543151855,0.19111636363636364,0.4150509090909091,0.11840680241584778,0.28875434398651123,0.10199814934685596,0.03654682828282828,0.0348878505050505,0.038207901010101006,0.0001999600079984003,25000.0
hopper,3,observation_low,0.17976525252525255,-0.31760507822036743,0.30908,0.6194836363636365,0.11644195020198822,0.2839626967906952,0.06175551045851426,-0.06348177777777778,-0.06522942222222222,-0.06176846666666667,0.0001999600079984003,25000.0
hopper,3,policy_high,0.25401818181818175,-2.7813210487365723,0.8560727272727273,0.9827363636363635,0.11857245117425919,0.28915831446647644,0.04075047752875622,0.001652525252525252,0.0007245707070707067,0.0026103131313131305,0.0003999200159968006,10000.0
hopper,3,policy_low,0.25185858585858584,-2.802788019180298,0.8532454545454548,0.9814999999999998,0.11613216251134872,0.2832072973251343,0.040136456924860224,-4.868686868686969e-05,-0.0006420252525252537,0.0005527474747474735,0.8744251149770046,10000.0
hopper,4,baseline,0.2526060606060606,-2.8262009620666504,0.8552400000000001,0.9845236363636364,0.11346682906150818,0.27670741081237793,0.03802904003834457,,,,,
hopper,4,dynamics_high,0.22200000000000006,-2.7684855461120605,0.8170000000000002,0.9728181818181819,0.11313702166080475,0.2759031653404236,0.04102927489240699,-0.026675151515151516,-0.02805633333333334,-0.02528521212121212,0.0003332222592469177,5000.0
hopper,4,dynamics_low,0.24560202020202018,-2.802888870239258,0.847,0.980490909090909,0.11313702166080475,0.2759031653404236,0.03999001647063599,-0.005773737373737373,-0.0065172727272727275,-0.005061515151515154,0.0003332222592469177,5000.0
hopper,4,observation_high,0.30262787878787883,6.5866475105285645,0.18376727272727275,0.40532727272727276,0.1161358654499054,0.28321635723114014,0.10306095179953452,0.04357858585858586,0.04198750505050505,0.04521292929292929,0.0001999600079984003,25000.0
hopper,4,observation_low,0.18589939393939392,-0.23518791794776917,0.30184363636363637,0.6133672727272728,0.1142578274011612,0.2786364257335663,0.06178924408001698,-0.05780743434343434,-0.059526357575757576,-0.05608880404040403,0.0001999600079984003,25000.0
hopper,4,policy_high,0.25743535353535346,-2.788989543914795,0.8587,0.9831272727272726,0.11739806830883026,0.2862943708896637,0.04001961305205924,0.005434747474747474,0.004585378787878788,0.006310752525252526,0.0001999600079984003,10000.0
hopper,4,policy_low,0.25174040404040404,-2.8081209659576416,0.8516000000000001,0.9810363636363636,0.11460297554731369,0.2794781029224396,0.039738099297829094,0.0004981818181818175,-5.173737373737428e-05,0.00104000505050505,0.06998600279944012,10000.0
